gt_lat,gt_long,pred_lat,pred_long
37.366062,-121.84989,37.36606,-121.84986
37.366062,-121.84989,37.36607,-121.84988
37.366062,-121.84989,37.366,-121.84983
37.366062,-121.84989,37.366043,-121.849815
37.366062,-121.84989,37.36604,-121.8499
37.366062,-121.84989,37.36605,-121.849915
37.366062,-121.84989,37.366062,-121.849846
37.366062,-121.84989,37.366043,-121.84983
37.366062,-121.84989,37.36607,-121.84986
37.366062,-121.84989,37.366066,-121.849846
37.366062,-121.84989,37.366055,-121.849815
37.366062,-121.84989,37.36601,-121.84989
37.366062,-121.84989,37.366108,-121.84983
37.36606,-121.8499,37.366062,-121.84986
37.366055,-121.8499,37.366085,-121.849884
37.366047,-121.84991,37.36603,-121.84993
37.366035,-121.849915,37.366035,-121.849945
37.36603,-121.849915,37.366062,-121.84996
37.36603,-121.849915,37.366074,-121.85001
37.36603,-121.849915,37.36608,-121.84991
37.366035,-121.84992,37.366024,-121.84993
37.366047,-121.84994,37.366077,-121.84992
37.366062,-121.84995,37.366093,-121.84996
37.366077,-121.849976,37.36612,-121.84995
37.3661,-121.85,37.36612,-121.849976
37.36612,-121.85003,37.366146,-121.850006
37.366146,-121.85005,37.366177,-121.85003
37.36617,-121.850075,37.36622,-121.850044
37.36619,-121.8501,37.3662,-121.850075
37.36622,-121.85013,37.36622,-121.85011
37.366245,-121.85015,37.36628,-121.85016
37.366264,-121.85018,37.366287,-121.85017
37.366287,-121.850204,37.366302,-121.85021
37.366306,-121.85023,37.366318,-121.8502
37.366325,-121.85025,37.36635,-121.85025
37.366337,-121.850266,37.366344,-121.850235
37.36635,-121.85027,37.366364,-121.85026
37.366356,-121.85028,37.366394,-121.85027
37.366367,-121.85029,37.366394,-121.85024
37.366383,-121.8503,37.36641,-121.85029
37.366398,-121.85032,37.366444,-121.85033
37.366405,-121.85033,37.366398,-121.850334
37.36641,-121.850334,37.366425,-121.85032
37.366417,-121.850334,37.36641,-121.85032
37.36643,-121.85035,37.3664,-121.85035
37.36644,-121.850365,37.3665,-121.850395
37.36645,-121.85037,37.36647,-121.850395
37.366455,-121.85038,37.36645,-121.850464
37.366455,-121.85038,37.36645,-121.85043
37.366455,-121.85038,37.36651,-121.850464
37.366455,-121.85038,37.366524,-121.85041
37.36646,-121.85039,37.36654,-121.85046
37.366467,-121.850395,37.366543,-121.85042
37.366474,-121.85041,37.366528,-121.850464
37.36648,-121.85044,37.366505,-121.850494
37.366478,-121.85047,37.3665,-121.85051
37.366463,-121.85051,37.36647,-121.850555
37.366447,-121.85055,37.366413,-121.8506
37.36643,-121.85058,37.36648,-121.85058
37.366413,-121.8506,37.366413,-121.850624
37.3664,-121.850624,37.366383,-121.85063
37.366386,-121.85065,37.36639,-121.85067
37.36637,-121.85067,37.366383,-121.85067
37.36636,-121.85069,37.366356,-121.85072
37.366344,-121.850716,37.366352,-121.85074
37.366325,-121.850746,37.366352,-121.850716
37.36631,-121.85078,37.366314,-121.85079
37.36629,-121.8508,37.366253,-121.850815
37.366283,-121.850815,37.366234,-121.850876
37.36628,-121.85082,37.36624,-121.85091
37.366276,-121.85082,37.366245,-121.85085
37.366276,-121.85082,37.366234,-121.8509
37.36627,-121.85083,37.36625,-121.85087
37.366264,-121.85084,37.366207,-121.85092
37.366264,-121.850845,37.366238,-121.850975
37.366257,-121.85085,37.366238,-121.85092
37.36625,-121.85086,37.36624,-121.85091
37.366238,-121.85088,37.366234,-121.8509
37.366226,-121.85091,37.366177,-121.85095
37.366222,-121.850945,37.36619,-121.85097
37.366234,-121.85099,37.36624,-121.851006
37.366264,-121.85104,37.36629,-121.851074
37.366314,-121.851105,37.366352,-121.85111
37.36638,-121.85117,37.36647,-121.85118
37.366447,-121.85125,37.366444,-121.85124
37.366512,-121.85133,37.366524,-121.85135
37.366577,-121.85142,37.366577,-121.851425
37.366634,-121.851494,37.366634,-121.85146
37.36669,-121.851555,37.36671,-121.851585
37.366734,-121.8516,37.366776,-121.851654
37.36677,-121.85164,37.366783,-121.85165
37.366802,-121.85167,37.36684,-121.851654
37.366833,-121.85169,37.36685,-121.85171
37.36686,-121.85172,37.36689,-121.8517
37.366875,-121.85176,37.366867,-121.851746
37.366867,-121.8518,37.36687,-121.85181
37.366848,-121.85182,37.36688,-121.851814
37.366814,-121.85182,37.366817,-121.8518
37.36678,-121.85179,37.366756,-121.851814
37.36674,-121.851746,37.366764,-121.851746
37.366688,-121.851685,37.366722,-121.85175
37.36662,-121.85161,37.366623,-121.85158
37.366535,-121.85151,37.36652,-121.8515
37.366444,-121.851395,37.36642,-121.85138
37.366352,-121.85129,37.366352,-121.851295
37.36626,-121.85117,37.366276,-121.85114
37.366173,-121.85107,37.366203,-121.851074
37.366085,-121.85096,37.36609,-121.85099
37.365993,-121.85086,37.366,-121.85083
37.365902,-121.85077,37.365902,-121.85075
37.36581,-121.85068,37.365772,-121.850655
37.36572,-121.85059,37.365723,-121.850586
37.36564,-121.85052,37.365677,-121.85048
37.36557,-121.85045,37.365585,-121.85037
37.365517,-121.850395,37.365536,-121.85039
37.36548,-121.85036,37.365486,-121.85034
37.365456,-121.850334,37.365482,-121.85037
37.36544,-121.85032,37.36544,-121.85029
37.365437,-121.85031,37.365444,-121.850334
37.365433,-121.85031,37.365513,-121.85027
37.365433,-121.85031,37.36537,-121.85036
37.365433,-121.85031,37.365395,-121.850334
37.365433,-121.85031,37.365425,-121.85029
37.365433,-121.85031,37.365356,-121.85036
37.365433,-121.85031,37.365425,-121.85033
37.365433,-121.85031,37.365448,-121.85037
37.365433,-121.85031,37.365482,-121.85035
37.365433,-121.85031,37.365456,-121.85033
37.365433,-121.85031,37.36544,-121.85038
37.365433,-121.85031,37.365437,-121.850296
37.365433,-121.85031,37.365417,-121.85038
37.365433,-121.85031,37.36545,-121.85027
37.365433,-121.85031,37.36538,-121.85032
37.365433,-121.85031,37.365402,-121.85032
37.365433,-121.85031,37.365376,-121.85035
37.365433,-121.85031,37.365376,-121.850334
37.365433,-121.85031,37.365376,-121.85029
37.365433,-121.85031,37.36537,-121.85035
37.365433,-121.85031,37.36542,-121.8503
37.365433,-121.85031,37.36538,-121.85032
37.365433,-121.85031,37.365414,-121.85028
37.365433,-121.85031,37.36538,-121.85037
37.365433,-121.85031,37.365383,-121.850334
37.365433,-121.85031,37.365406,-121.85031
37.365433,-121.85031,37.36542,-121.85024
37.365433,-121.85031,37.365414,-121.85026
37.365433,-121.85031,37.365406,-121.85032
37.365433,-121.85031,37.36538,-121.85033
37.365433,-121.85031,37.36536,-121.850426
37.365433,-121.85031,37.36539,-121.85036
37.365433,-121.85031,37.365387,-121.85037
37.365433,-121.85031,37.36542,-121.850334
37.365433,-121.85031,37.365437,-121.850334
37.365433,-121.85031,37.365486,-121.85029
37.365433,-121.85031,37.365463,-121.8503
37.365433,-121.85031,37.365456,-121.850296
37.365433,-121.85031,37.365463,-121.850266
37.365433,-121.85031,37.36544,-121.85032
37.365433,-121.85031,37.365433,-121.85031
37.365433,-121.85031,37.36542,-121.850296
37.365433,-121.85031,37.365463,-121.85027
37.365433,-121.85031,37.36541,-121.85032
37.365433,-121.85031,37.365475,-121.85026
37.365433,-121.85031,37.365448,-121.85034
37.365433,-121.85031,37.365486,-121.85027
37.365433,-121.85031,37.365395,-121.85028
37.365433,-121.85031,37.36541,-121.8503
37.365433,-121.85031,37.36544,-121.85034
37.365433,-121.85031,37.36545,-121.85033
37.365433,-121.85031,37.36541,-121.85035
37.365433,-121.85031,37.365448,-121.8503
37.365433,-121.85031,37.36541,-121.850365
37.365433,-121.85031,37.365383,-121.85036
37.365433,-121.85031,37.365387,-121.85034
37.365433,-121.85031,37.36542,-121.85029
37.365433,-121.85031,37.365414,-121.85032
37.365433,-121.85031,37.365425,-121.85031
37.365433,-121.85031,37.365433,-121.85035
37.365433,-121.85031,37.365444,-121.850334
37.365433,-121.85031,37.36544,-121.85033
37.365433,-121.85031,37.365444,-121.85038
37.365433,-121.85031,37.365486,-121.85027
37.365433,-121.85031,37.365448,-121.850334
37.365433,-121.85031,37.365475,-121.850334
37.365433,-121.85031,37.365517,-121.85024
37.365433,-121.85031,37.365425,-121.85026
37.365425,-121.8503,37.365437,-121.85027
37.3654,-121.85027,37.365402,-121.8503
37.365364,-121.85022,37.36538,-121.850235
37.365334,-121.85015,37.36534,-121.85012
37.365322,-121.850075,37.36532,-121.85007
37.365326,-121.85,37.365322,-121.84999
37.36535,-121.84993,37.365307,-121.8499
37.36539,-121.84987,37.365376,-121.849884
37.36544,-121.84979,37.365395,-121.84982
37.365498,-121.84971,37.365444,-121.84971
37.365562,-121.84961,37.365543,-121.849625
37.36564,-121.849495,37.365604,-121.849464
37.365726,-121.849365,37.365726,-121.84937
37.365818,-121.84923,37.365803,-121.84924
37.365917,-121.84908,37.365906,-121.8491
37.366016,-121.84894,37.366013,-121.848976
37.366116,-121.84879,37.36612,-121.84879
37.36622,-121.84864,37.36626,-121.84867
37.36632,-121.848495,37.366302,-121.848495
37.36643,-121.84834,37.366436,-121.84834
37.366535,-121.84819,37.366497,-121.848206
37.366646,-121.84803,37.366634,-121.84802
37.366756,-121.84787,37.366753,-121.84788
37.366867,-121.8477,37.366875,-121.84775
37.366978,-121.84754,37.366966,-121.84757
37.367092,-121.847374,37.367096,-121.84739
37.367203,-121.84721,37.367195,-121.84719
37.36731,-121.847046,37.367317,-121.847084
37.36742,-121.846886,37.367416,-121.84692
37.36753,-121.846725,37.367523,-121.846725
37.36764,-121.846565,37.36763,-121.84659
37.367744,-121.846405,37.367714,-121.846405
37.36785,-121.84625,37.367832,-121.846275
37.367954,-121.8461,37.36796,-121.846085
37.368057,-121.84595,37.368065,-121.84592
37.368164,-121.84579,37.36815,-121.84581
37.368267,-121.845634,37.368263,-121.84563
37.36837,-121.84548,37.36836,-121.84548
37.368473,-121.84534,37.368504,-121.84534
37.368576,-121.84519,37.368584,-121.84524
37.36868,-121.84506,37.368702,-121.8451
37.368782,-121.844925,37.36881,-121.84492
37.368885,-121.84478,37.368866,-121.8448
37.368988,-121.844635,37.369,-121.84463
37.369087,-121.84449,37.369106,-121.8445
37.36919,-121.844345,37.36919,-121.84435
37.36928,-121.84421,37.36926,-121.84419
37.369358,-121.84409,37.369377,-121.8441
37.369415,-121.84401,37.3694,-121.84402
37.369453,-121.843956,37.36945,-121.84396
37.369484,-121.84391,37.369507,-121.84395
37.369514,-121.843864,37.369522,-121.84389
37.369553,-121.84382,37.369537,-121.84384
37.369595,-121.84376,37.36959,-121.84372
37.369644,-121.84369,37.36967,-121.84369
37.36969,-121.84362,37.369698,-121.843605
37.36973,-121.84355,37.36972,-121.843544
37.36977,-121.8435,37.369743,-121.84348
37.369804,-121.84345,37.369816,-121.84345
37.369835,-121.84341,37.369835,-121.8434
37.36987,-121.84335,37.369884,-121.84335
37.3699,-121.84331,37.369907,-121.8433
37.369938,-121.843254,37.369915,-121.84324
37.369984,-121.84319,37.370007,-121.84324
37.37004,-121.84315,37.37005,-121.84315
37.370102,-121.84312,37.37015,-121.843124
37.370163,-121.8431,37.37019,-121.84311
37.37022,-121.8431,37.37028,-121.84311
37.370277,-121.843124,37.3703,-121.843124
37.370335,-121.84315,37.37033,-121.84312
37.37039,-121.843185,37.370373,-121.8432
37.370457,-121.84324,37.37049,-121.843254
37.370525,-121.8433,37.370552,-121.84332
37.370594,-121.84337,37.37065,-121.84338
37.370663,-121.843445,37.370686,-121.84344
37.37073,-121.84352,37.37078,-121.843544
37.3708,-121.8436,37.370834,-121.843605
37.370865,-121.843666,37.3709,-121.843666
37.370934,-121.843735,37.370964,-121.84378
37.371,-121.8438,37.371033,-121.84378
37.371063,-121.843864,37.371075,-121.84387
37.371136,-121.84393,37.3712,-121.843895
37.371216,-121.84401,37.371265,-121.843994
37.371296,-121.844086,37.371334,-121.84405
37.371376,-121.84416,37.371418,-121.84414
37.371445,-121.84423,37.37148,-121.84424
37.371506,-121.84429,37.371548,-121.8443
37.371563,-121.844345,37.371605,-121.844345
37.37161,-121.84439,37.37167,-121.84437
37.371647,-121.84443,37.3717,-121.84442
37.371677,-121.84446,37.37174,-121.84444
37.371696,-121.844475,37.371742,-121.84448
37.371708,-121.84448,37.371765,-121.84452
37.371708,-121.84448,37.37174,-121.844505
37.371708,-121.84448,37.371742,-121.84454
37.371708,-121.84448,37.371704,-121.84458
37.371708,-121.84448,37.371727,-121.8446
37.371708,-121.84448,37.3717,-121.84456
37.371708,-121.84448,37.371723,-121.84453
37.371708,-121.84448,37.371723,-121.84459
37.371708,-121.84448,37.37173,-121.84456
37.371708,-121.84448,37.371758,-121.84449
37.371708,-121.84448,37.3717,-121.84452
37.371708,-121.84448,37.371727,-121.844536
37.371708,-121.84448,37.3717,-121.844505
37.371708,-121.84448,37.371727,-121.8445
37.371708,-121.84448,37.37174,-121.84452
37.371708,-121.84448,37.371677,-121.84452
37.371708,-121.84448,37.371704,-121.84444
37.371708,-121.84448,37.37171,-121.844475
37.371708,-121.84448,37.37172,-121.84453
37.371708,-121.84448,37.371807,-121.844406
37.371708,-121.84448,37.37182,-121.844444
37.371708,-121.84448,37.37181,-121.84446
37.371708,-121.84448,37.371834,-121.84442
37.371708,-121.84448,37.3718,-121.84449
37.371708,-121.84448,37.37179,-121.84448
37.371708,-121.84448,37.37178,-121.844505
37.37171,-121.84449,37.37174,-121.84459
37.371723,-121.8445,37.371716,-121.844574
37.371742,-121.84452,37.371788,-121.844536
37.371773,-121.84455,37.371822,-121.84455
37.371822,-121.8446,37.371872,-121.84458
37.371883,-121.844666,37.37192,-121.84468
37.37196,-121.844734,37.372,-121.844696
37.37204,-121.84482,37.372063,-121.844795
37.372128,-121.8449,37.372143,-121.8449
37.372215,-121.844986,37.37228,-121.844986
37.372307,-121.84508,37.37235,-121.845055
37.372395,-121.84517,37.372425,-121.84517
37.37249,-121.84526,37.372536,-121.84525
37.372585,-121.84535,37.37261,-121.84537
37.372677,-121.84544,37.37271,-121.84543
37.37277,-121.84553,37.372807,-121.84554
37.372856,-121.84562,37.372887,-121.84562
37.37294,-121.8457,37.372993,-121.845695
37.373024,-121.84578,37.37305,-121.8458
37.373096,-121.845856,37.373142,-121.84585
37.373165,-121.84592,37.37321,-121.845955
37.373222,-121.84597,37.37327,-121.845955
37.373264,-121.846016,37.37329,-121.846016
37.373295,-121.84605,37.37333,-121.846054
37.37331,-121.84606,37.373344,-121.84608
37.373318,-121.84607,37.373386,-121.846054
37.373318,-121.84607,37.373367,-121.8461
37.373318,-121.84607,37.37339,-121.84604
37.373318,-121.84607,37.373367,-121.84609
37.373318,-121.84607,37.373367,-121.846085
37.373318,-121.84607,37.37337,-121.84611
37.373318,-121.84607,37.37336,-121.846115
37.373318,-121.84607,37.37332,-121.8461
37.373318,-121.84607,37.373352,-121.8461
37.373318,-121.84607,37.37336,-121.846085
37.373318,-121.84607,37.373398,-121.846085
37.37332,-121.84607,37.373375,-121.846085
37.373344,-121.84609,37.37342,-121.846115
37.373375,-121.84612,37.37342,-121.846115
37.37342,-121.84617,37.37347,-121.84619
37.373478,-121.84623,37.373543,-121.84626
37.37355,-121.846306,37.373566,-121.84628
37.37363,-121.84639,37.37368,-121.84639
37.373722,-121.84647,37.373737,-121.84649
37.373817,-121.84657,37.373867,-121.84657
37.373913,-121.846664,37.373966,-121.84666
37.374012,-121.84676,37.374058,-121.846756
37.37411,-121.84686,37.374153,-121.84686
37.374207,-121.846954,37.374218,-121.84698
37.374302,-121.847046,37.374332,-121.847015
37.374397,-121.847145,37.37444,-121.847115
37.37449,-121.84723,37.37451,-121.84726
37.374577,-121.84732,37.37461,-121.84732
37.374664,-121.847404,37.374695,-121.847404
37.37474,-121.84748,37.374805,-121.84749
37.374813,-121.84755,37.37488,-121.84754
37.37487,-121.8476,37.374943,-121.84764
37.374916,-121.84765,37.374973,-121.84768
37.37495,-121.84769,37.375004,-121.84771
37.374977,-121.84771,37.37501,-121.84771
37.375,-121.84773,37.37503,-121.84774
37.37501,-121.84775,37.375057,-121.84776
37.37502,-121.847755,37.375084,-121.8477
37.37502,-121.847755,37.375183,-121.84772
37.37502,-121.847755,37.375134,-121.84771
37.37502,-121.847755,37.375103,-121.84774
37.37502,-121.847755,37.375084,-121.84772
37.37502,-121.847755,37.375057,-121.84775
37.37502,-121.847755,37.375107,-121.847755
37.37502,-121.847755,37.375103,-121.84779
37.37502,-121.847755,37.37506,-121.84775
37.37502,-121.847755,37.375076,-121.84777
37.37502,-121.847755,37.375095,-121.84777
37.375023,-121.847755,37.37504,-121.847786
37.37503,-121.84776,37.37509,-121.847786
37.37505,-121.847786,37.37512,-121.847824
37.375088,-121.847824,37.375153,-121.847855
37.37514,-121.84788,37.375195,-121.84784
37.37521,-121.847946,37.375237,-121.84795
37.375282,-121.848015,37.37531,-121.84801
37.37536,-121.84809,37.3754,-121.8481
37.375435,-121.84817,37.375465,-121.84815
37.375515,-121.84825,37.375523,-121.848236
37.3756,-121.848335,37.375645,-121.84835
37.37569,-121.848434,37.37572,-121.84844
37.375786,-121.84853,37.375816,-121.84856
37.375885,-121.84864,37.375916,-121.84866
37.37599,-121.848755,37.37604,-121.84878
37.376102,-121.84887,37.37611,-121.84886
37.376217,-121.84899,37.376236,-121.849014
37.37633,-121.84912,37.37638,-121.849144
37.376446,-121.84924,37.37655,-121.84927
37.37656,-121.84937,37.376625,-121.84938
37.376675,-121.849495,37.376717,-121.84949
37.37679,-121.849625,37.376816,-121.84962
37.376904,-121.84975,37.37691,-121.849785
37.377014,-121.84987,37.37708,-121.84986
37.377125,-121.84999,37.377167,-121.85005
37.377228,-121.85011,37.377262,-121.85011
37.377335,-121.85023,37.377373,-121.85025
37.377434,-121.85034,37.37748,-121.85038
37.377533,-121.85045,37.37761,-121.85051
37.377632,-121.85056,37.377693,-121.85055
37.377728,-121.85066,37.377712,-121.850655
37.377823,-121.85077,37.377876,-121.85076
37.377907,-121.85086,37.377975,-121.85085
37.377987,-121.85095,37.378048,-121.85096
37.37806,-121.85103,37.37814,-121.851036
37.378124,-121.851105,37.378185,-121.851135
37.37819,-121.85117,37.378212,-121.85114
37.37825,-121.85124,37.378265,-121.851234
37.378307,-121.8513,37.378307,-121.851265
37.37836,-121.851364,37.37843,-121.85139
37.378407,-121.85142,37.378407,-121.85142
37.378452,-121.85146,37.378464,-121.85145
37.378498,-121.85152,37.378555,-121.851524
37.378544,-121.85157,37.37857,-121.85157
37.378605,-121.85163,37.37867,-121.851616
37.378674,-121.85171,37.378693,-121.85172
37.37875,-121.8518,37.37876,-121.85179
37.378838,-121.8519,37.37886,-121.851875
37.378933,-121.852,37.378952,-121.852005
37.37903,-121.852104,37.37906,-121.85207
37.379124,-121.85221,37.379116,-121.85221
37.379223,-121.85232,37.379284,-121.852356
37.379322,-121.852425,37.379314,-121.85243
37.379425,-121.85254,37.379448,-121.85255
37.379528,-121.85265,37.379562,-121.85266
37.37964,-121.852776,37.379646,-121.8528
37.37975,-121.8529,37.379765,-121.85292
37.37986,-121.85303,37.37987,-121.85302
37.379974,-121.85316,37.38001,-121.853195
37.380093,-121.85329,37.380108,-121.853294
37.38021,-121.85342,37.38022,-121.85343
37.380325,-121.85354,37.380383,-121.8536
37.38044,-121.85367,37.380466,-121.85369
37.38055,-121.85379,37.38056,-121.853806
37.380657,-121.853905,37.380653,-121.85393
37.380768,-121.85403,37.380833,-121.85404
37.38087,-121.85414,37.38086,-121.85416
37.380978,-121.854256,37.381042,-121.85428
37.381084,-121.85437,37.381096,-121.854355
37.38119,-121.854485,37.38121,-121.85447
37.381298,-121.8546,37.381306,-121.85457
37.38141,-121.85472,37.381397,-121.85471
37.38152,-121.85484,37.3815,-121.85485
37.38163,-121.854965,37.381626,-121.85491
37.381744,-121.85508,37.38179,-121.8551
37.38185,-121.8552,37.381893,-121.85521
37.381958,-121.855316,37.381954,-121.85533
37.38207,-121.85544,37.38212,-121.85547
37.382175,-121.85555,37.382195,-121.85559
37.382282,-121.855675,37.382313,-121.85567
37.38239,-121.8558,37.382378,-121.8558
37.382492,-121.85591,37.3825,-121.855896
37.3826,-121.856026,37.38262,-121.85604
37.382706,-121.85615,37.382748,-121.85617
37.38282,-121.85628,37.382812,-121.85628
37.382935,-121.85641,37.38297,-121.85641
37.383053,-121.856544,37.38307,-121.85657
37.383175,-121.85668,37.383198,-121.85667
37.383297,-121.85681,37.38334,-121.8568
37.38342,-121.85695,37.383446,-121.85695
37.38354,-121.857086,37.383583,-121.857124
37.383667,-121.85722,37.383694,-121.85722
37.38379,-121.85737,37.38378,-121.85735
37.383915,-121.857506,37.383873,-121.85753
37.38404,-121.85764,37.384052,-121.85763
37.384163,-121.85778,37.38421,-121.8578
37.384285,-121.85792,37.384323,-121.8579
37.384403,-121.85806,37.38443,-121.858025
37.384525,-121.8582,37.384556,-121.85824
37.384644,-121.85834,37.38463,-121.85836
37.38476,-121.858475,37.384808,-121.8585
37.38488,-121.85861,37.38488,-121.8586
37.385,-121.85875,37.385002,-121.85878
37.38512,-121.85888,37.385178,-121.85893
37.38524,-121.85901,37.3853,-121.85904
37.385357,-121.85914,37.38541,-121.859184
37.38547,-121.85926,37.385525,-121.859245
37.385586,-121.85938,37.38565,-121.85937
37.3857,-121.8595,37.38575,-121.859505
37.385815,-121.85962,37.38587,-121.85961
37.385933,-121.85973,37.38596,-121.85974
37.386055,-121.85986,37.38606,-121.85985
37.386177,-121.859985,37.386215,-121.85996
37.386303,-121.860115,37.386333,-121.86011
37.386425,-121.860245,37.38644,-121.86027
37.386543,-121.860374,37.386543,-121.86037
37.386658,-121.860504,37.386635,-121.86052
37.38678,-121.86063,37.386776,-121.86062
37.3869,-121.860756,37.38695,-121.86079
37.387024,-121.860886,37.387074,-121.86087
37.387146,-121.861015,37.387173,-121.86103
37.387264,-121.86115,37.387333,-121.86116
37.387386,-121.861275,37.387444,-121.861305
37.387505,-121.861404,37.387505,-121.86138
37.387623,-121.861534,37.38763,-121.861534
37.38774,-121.86166,37.38776,-121.86168
37.387863,-121.86178,37.387863,-121.86179
37.387985,-121.86191,37.388004,-121.86192
37.38811,-121.86204,37.388115,-121.86203
37.388237,-121.86217,37.388283,-121.86218
37.388363,-121.8623,37.38838,-121.86229
37.38849,-121.86243,37.388485,-121.86241
37.38862,-121.86256,37.388638,-121.86254
37.38875,-121.86269,37.38878,-121.86272
37.388878,-121.86282,37.388866,-121.86285
37.389008,-121.86296,37.38902,-121.86294
37.389133,-121.86309,37.38918,-121.86307
37.389263,-121.86323,37.38924,-121.86324
37.389393,-121.86336,37.3894,-121.863365
37.38952,-121.863495,37.389534,-121.86347
37.389645,-121.863625,37.38967,-121.863625
37.389774,-121.86376,37.389782,-121.86378
37.3899,-121.86389,37.38989,-121.86389
37.39003,-121.86403,37.390068,-121.86407
37.390156,-121.86416,37.390232,-121.86419
37.39028,-121.86429,37.390305,-121.864296
37.390404,-121.86441,37.39045,-121.86442
37.390522,-121.86454,37.39054,-121.86455
37.390636,-121.864655,37.390644,-121.864655
37.39074,-121.86476,37.39079,-121.86472
37.39083,-121.86485,37.39086,-121.86483
37.39091,-121.86494,37.39091,-121.86492
37.390984,-121.86501,37.391026,-121.865036
37.39104,-121.86507,37.39105,-121.86505
37.391083,-121.86511,37.39109,-121.865105
37.391117,-121.86514,37.39112,-121.86512
37.391136,-121.865166,37.391186,-121.86514
37.39115,-121.86518,37.391205,-121.86524
37.391155,-121.86519,37.391205,-121.865135
37.391155,-121.86519,37.39122,-121.86517
37.391155,-121.86519,37.39122,-121.865135
37.391155,-121.86519,37.391205,-121.86519
37.391155,-121.86519,37.39122,-121.865166
37.391155,-121.86519,37.39121,-121.86518
37.391155,-121.86519,37.39123,-121.865204
37.391155,-121.86519,37.391247,-121.86518
37.391155,-121.86519,37.391224,-121.86516
37.391155,-121.86519,37.39125,-121.8652
37.391155,-121.86519,37.391266,-121.86514
37.391155,-121.86519,37.391243,-121.86519
37.391155,-121.86519,37.391228,-121.865204
37.391155,-121.86519,37.391205,-121.86514
37.391155,-121.86519,37.3912,-121.86516
37.391155,-121.86519,37.391174,-121.86518
37.391155,-121.86519,37.391193,-121.865135
37.391155,-121.86519,37.391167,-121.86514
37.39116,-121.86519,37.39119,-121.86524
37.391167,-121.8652,37.391216,-121.86518
37.391182,-121.86521,37.39122,-121.865204
37.39121,-121.86524,37.39124,-121.86527
37.39125,-121.86529,37.391277,-121.86526
37.391308,-121.86535,37.391342,-121.86535
37.39138,-121.86542,37.39143,-121.86545
37.391464,-121.86549,37.391483,-121.8655
37.391556,-121.865585,37.39162,-121.86559
37.39166,-121.86568,37.39173,-121.86565
37.39177,-121.86578,37.391827,-121.86577
37.39188,-121.86588,37.391922,-121.86584
37.39199,-121.86599,37.39205,-121.865974
37.392105,-121.8661,37.392124,-121.86609
37.392223,-121.8662,37.39225,-121.86621
37.392345,-121.86632,37.392387,-121.866325
37.39247,-121.86643,37.392517,-121.86642
37.392593,-121.866554,37.39261,-121.86656
37.39271,-121.86666,37.39275,-121.86664
37.392822,-121.86677,37.392853,-121.8668
37.39292,-121.86686,37.392963,-121.86684
37.393005,-121.866936,37.393032,-121.86694
37.393078,-121.867004,37.393127,-121.867004
37.39314,-121.86706,37.39318,-121.86704
37.39318,-121.867096,37.39323,-121.86708
37.39321,-121.86713,37.393223,-121.867134
37.39323,-121.86715,37.39326,-121.86716
37.39324,-121.86716,37.39328,-121.86716
37.393246,-121.86716,37.3933,-121.86716
37.393246,-121.86716,37.393276,-121.86715
37.393246,-121.86716,37.39327,-121.86713
37.393246,-121.86716,37.39331,-121.86716
37.393246,-121.86716,37.3933,-121.86716
37.393246,-121.86716,37.39328,-121.867134
37.393246,-121.86716,37.3933,-121.86713
37.393246,-121.86716,37.39329,-121.867134
37.393246,-121.86716,37.3933,-121.86718
37.393246,-121.86716,37.393272,-121.86718
37.393246,-121.86716,37.393257,-121.8671
37.393246,-121.867165,37.39329,-121.86717
37.393253,-121.867165,37.393303,-121.867195
37.393272,-121.86719,37.393307,-121.867165
37.393303,-121.86721,37.39335,-121.86723
37.393345,-121.867256,37.393383,-121.86725
37.3934,-121.86731,37.39342,-121.86732
37.393467,-121.86737,37.393482,-121.86735
37.393543,-121.86744,37.393597,-121.86744
37.393635,-121.86752,37.393715,-121.86754
37.39373,-121.86762,37.39377,-121.86761
37.393837,-121.86772,37.393875,-121.86775
37.393948,-121.86782,37.39399,-121.86785
37.394062,-121.86793,37.394077,-121.8679
37.394176,-121.86804,37.394215,-121.86806
37.394287,-121.868164,37.394276,-121.86816
37.39439,-121.868286,37.394405,-121.86832
37.39449,-121.86842,37.394527,-121.86846
37.39459,-121.86857,37.39461,-121.86855
37.39469,-121.86872,37.394726,-121.86876
37.394802,-121.86887,37.394844,-121.8689
37.39491,-121.86903,37.394936,-121.86901
37.39502,-121.86919,37.395073,-121.86921
37.395126,-121.86934,37.395145,-121.86934
37.39523,-121.86949,37.395245,-121.86953
37.395336,-121.86964,37.395374,-121.869644
37.39544,-121.86978,37.395473,-121.869804
37.395542,-121.86993,37.395576,-121.869934
37.395638,-121.87007,37.39567,-121.87008
37.39572,-121.87022,37.395744,-121.87024
37.395794,-121.87035,37.39582,-121.87037
37.395866,-121.87049,37.39584,-121.87046
37.395943,-121.87062,37.39593,-121.87059
37.396023,-121.87074,37.396038,-121.870735
37.3961,-121.87087,37.396122,-121.87088
37.39618,-121.87099,37.39619,-121.87098
37.396255,-121.8711,37.396282,-121.87109
37.396324,-121.8712,37.39634,-121.87128
37.39638,-121.871284,37.396408,-121.871315
37.396423,-121.87134,37.396465,-121.87135
37.39645,-121.871376,37.396515,-121.871414
37.396465,-121.8714,37.396492,-121.87143
37.396473,-121.871414,37.39651,-121.871414
37.396477,-121.871414,37.396534,-121.87143
37.396477,-121.871414,37.396492,-121.87145
37.396477,-121.871414,37.396545,-121.87144
37.396477,-121.871414,37.396496,-121.87144
37.396477,-121.871414,37.39648,-121.87143
37.396477,-121.871414,37.396484,-121.87143
37.396477,-121.871414,37.396534,-121.871445
37.396477,-121.871414,37.39652,-121.87148
37.396477,-121.871414,37.39651,-121.8715
37.396477,-121.871414,37.396503,-121.87148
37.396477,-121.871414,37.39649,-121.87148
37.396477,-121.871414,37.396492,-121.87144
37.396477,-121.871414,37.396492,-121.871475
37.396477,-121.871414,37.3965,-121.87143
37.396477,-121.871414,37.396484,-121.87146
37.396477,-121.871414,37.396496,-121.87145
37.396477,-121.871414,37.39649,-121.87141
37.396477,-121.871414,37.396477,-121.87139
37.396477,-121.871414,37.396507,-121.87143
37.396477,-121.871414,37.396484,-121.87145
37.396477,-121.871414,37.39646,-121.87145
37.396477,-121.871414,37.396465,-121.87143
37.396477,-121.871414,37.39648,-121.87146
37.396477,-121.871414,37.396507,-121.87142
37.396484,-121.87142,37.396503,-121.871445
37.396496,-121.871445,37.396507,-121.87143
37.39652,-121.871475,37.39655,-121.87147
37.39655,-121.87152,37.39656,-121.87154
37.396584,-121.871574,37.39658,-121.871574
37.396614,-121.87165,37.396606,-121.87167
37.39663,-121.87174,37.396606,-121.87177
37.39663,-121.87183,37.39662,-121.87186
37.39661,-121.87193,37.39658,-121.87196
37.396572,-121.872025,37.396564,-121.87204
37.396515,-121.872116,37.39651,-121.87217
37.39645,-121.87221,37.396458,-121.87226
37.396378,-121.872314,37.396343,-121.872314
37.396305,-121.87242,37.39629,-121.87245
37.39623,-121.87253,37.396263,-121.87259
37.396156,-121.872635,37.396103,-121.87269
37.39609,-121.87273,37.396088,-121.8728
37.396038,-121.87281,37.396046,-121.87283
37.395992,-121.87287,37.396023,-121.87288
37.395958,-121.872925,37.395985,-121.872925
37.395927,-121.87296,37.395916,-121.872986
37.395897,-121.87301,37.395897,-121.873024
37.39586,-121.87307,37.395866,-121.873085
37.395813,-121.87313,37.395782,-121.87315
37.39576,-121.87321,37.395794,-121.873276
37.3957,-121.8733,37.3957,-121.873314
37.395626,-121.8734,37.39564,-121.87341
37.39555,-121.873505,37.39554,-121.873535
37.395473,-121.87362,37.39545,-121.87364
37.395393,-121.87373,37.39541,-121.87375
37.395313,-121.87385,37.395603,-121.873924
37.39523,-121.87396,37.395603,-121.873924
37.39515,-121.874084,37.395603,-121.873924
37.39507,-121.8742,37.394833,-121.87469
37.394985,-121.87432,37.394974,-121.874405
37.394897,-121.87444,37.3949,-121.87448
37.39481,-121.87457,37.39476,-121.87462
37.394722,-121.874695,37.39476,-121.874695
37.394634,-121.874825,37.39462,-121.8748
37.394547,-121.874954,37.394463,-121.87501
37.39446,-121.875084,37.394447,-121.875084
37.39437,-121.875206,37.394398,-121.87526
37.394283,-121.875336,37.394234,-121.875404
37.3942,-121.87545,37.39416,-121.87547
37.394123,-121.87556,37.394108,-121.87556
37.394054,-121.875656,37.394,-121.87567
37.394,-121.87573,37.393963,-121.87579
37.39396,-121.87579,37.393932,-121.875885
37.393932,-121.87584,37.393932,-121.87587
37.393913,-121.87586,37.393913,-121.87588
37.393906,-121.87588,37.393944,-121.875916
37.393906,-121.87588,37.39393,-121.875885
37.393906,-121.87588,37.39386,-121.87593
37.393906,-121.87588,37.393867,-121.875885
37.393906,-121.87588,37.3939,-121.8759
37.393906,-121.87588,37.39389,-121.87589
37.393906,-121.87588,37.39388,-121.87593
37.393906,-121.87588,37.393894,-121.87588
37.393906,-121.87588,37.393864,-121.87592
37.393906,-121.87588,37.39387,-121.87592
37.393906,-121.87588,37.393894,-121.875916
37.393906,-121.87588,37.393894,-121.87592
37.393906,-121.87588,37.39387,-121.87592
37.3939,-121.87588,37.393856,-121.87589
37.393894,-121.87589,37.393887,-121.87594
37.39388,-121.875916,37.39388,-121.87596
37.39385,-121.87595,37.39383,-121.875946
37.393806,-121.876015,37.393803,-121.876015
37.393753,-121.87609,37.393723,-121.87613
37.393684,-121.87619,37.3937,-121.87618
37.39361,-121.8763,37.393543,-121.87635
37.393524,-121.87642,37.393497,-121.87649
37.393436,-121.87654,37.393375,-121.876564
37.39335,-121.87667,37.393345,-121.87672
37.393257,-121.8768,37.39326,-121.87683
37.393166,-121.87693,37.39317,-121.87698
37.39307,-121.87707,37.393097,-121.87709
37.392975,-121.877205,37.392963,-121.87724
37.39287,-121.87735,37.39286,-121.87742
37.39276,-121.877495,37.39274,-121.877556
37.392647,-121.87763,37.39268,-121.87764
37.39252,-121.87776,37.392525,-121.87776
37.39239,-121.87789,37.392418,-121.8779
37.39226,-121.87802,37.392254,-121.87801
37.39213,-121.87814,37.39216,-121.87814
37.392006,-121.878265,37.392014,-121.878296
37.391884,-121.87838,37.391907,-121.8784
37.39176,-121.8785,37.391758,-121.87853
37.391636,-121.878624,37.39164,-121.87863
37.391518,-121.87874,37.391537,-121.87875
37.391396,-121.87886,37.391426,-121.878845
37.391273,-121.87898,37.391293,-121.87898
37.391148,-121.8791,37.391144,-121.87908
37.39102,-121.87922,37.391003,-121.879234
37.390896,-121.87934,37.390907,-121.87935
37.390766,-121.87946,37.390743,-121.87945
37.390636,-121.87959,37.390663,-121.879585
37.39051,-121.879715,37.390495,-121.87969
37.390385,-121.87984,37.390396,-121.87982
37.39026,-121.87996,37.39028,-121.87996
37.390133,-121.88008,37.390163,-121.880104
37.390007,-121.8802,37.390022,-121.88016
37.389885,-121.88032,37.389904,-121.8803
37.389763,-121.88044,37.389763,-121.88044
37.38964,-121.88056,37.38965,-121.88055
37.389515,-121.88068,37.389534,-121.88069
37.38939,-121.8808,37.38941,-121.88078
37.389267,-121.88092,37.389286,-121.88088
37.38914,-121.88104,37.389156,-121.881035
37.38902,-121.881165,37.38903,-121.88116
37.3889,-121.88129,37.388927,-121.8813
37.388783,-121.88141,37.38878,-121.88141
37.388664,-121.88152,37.38868,-121.881516
37.388554,-121.881645,37.38857,-121.88165
37.388447,-121.88177,37.388416,-121.88176
37.388355,-121.8819,37.38838,-121.88189
37.38828,-121.88202,37.38831,-121.88204
37.388218,-121.88213,37.3882,-121.882126
37.38817,-121.88223,37.388184,-121.88228
37.38813,-121.88231,37.388145,-121.88233
37.388107,-121.88236,37.38813,-121.88239
37.388096,-121.88239,37.38811,-121.882416
37.388092,-121.88241,37.3881,-121.88245
37.38809,-121.88241,37.388073,-121.882385
37.38809,-121.88241,37.3881,-121.88242
37.38809,-121.88241,37.388046,-121.88242
37.38809,-121.88241,37.388042,-121.882416
37.38809,-121.88241,37.38803,-121.88247
37.38809,-121.88241,37.38807,-121.88244
37.38809,-121.88241,37.38804,-121.882416
37.38809,-121.88241,37.38808,-121.88245
37.38809,-121.88241,37.38803,-121.88243
37.38809,-121.88241,37.388077,-121.8824
37.38809,-121.88241,37.388084,-121.882454
37.38809,-121.88241,37.388115,-121.8824
37.38809,-121.88241,37.388126,-121.882416
37.38809,-121.88241,37.388126,-121.8824
37.38809,-121.88241,37.38813,-121.88242
37.38809,-121.88241,37.388138,-121.88239
37.38809,-121.88241,37.388165,-121.88238
37.38809,-121.88241,37.388153,-121.882385
37.38809,-121.88241,37.38813,-121.882416
37.38809,-121.88241,37.388145,-121.88239
37.38809,-121.88241,37.388153,-121.88242
37.38809,-121.88241,37.38816,-121.882416
37.38809,-121.88241,37.388138,-121.88241
37.38809,-121.88241,37.388134,-121.882454
37.38809,-121.88241,37.388096,-121.8824
37.38809,-121.88241,37.3881,-121.8824
37.38809,-121.88241,37.38813,-121.88246
37.38809,-121.88241,37.38808,-121.88243
37.38809,-121.88241,37.388123,-121.88244
37.38809,-121.88241,37.388123,-121.882454
37.38809,-121.88241,37.38809,-121.88242
37.38809,-121.88241,37.38807,-121.88245
37.38809,-121.88241,37.388134,-121.882454
37.38809,-121.88241,37.388157,-121.882484
37.38809,-121.88241,37.38813,-121.88247
37.38809,-121.88241,37.388092,-121.88245
37.38809,-121.88241,37.388103,-121.88242
37.38809,-121.88241,37.388092,-121.882454
37.38809,-121.88241,37.38811,-121.88245
37.38809,-121.88241,37.388084,-121.882416
37.38809,-121.88241,37.388123,-121.882416
37.38809,-121.88241,37.38806,-121.88243
37.38809,-121.88241,37.388077,-121.88246
37.38809,-121.88241,37.388073,-121.88241
37.38809,-121.88241,37.38803,-121.88244
37.38809,-121.88241,37.388092,-121.88247
37.38809,-121.88241,37.388065,-121.88247
37.38809,-121.88241,37.388126,-121.882484
37.38809,-121.88241,37.388126,-121.88251
37.38809,-121.88241,37.388054,-121.8825
37.38809,-121.88241,37.3881,-121.882515
37.38809,-121.88241,37.38809,-121.88247
37.38809,-121.88241,37.388073,-121.88242
37.38809,-121.88241,37.3881,-121.882454
37.38809,-121.88241,37.38806,-121.88244
37.38809,-121.88241,37.3881,-121.88244
37.38809,-121.88241,37.388103,-121.88246
37.38809,-121.88241,37.388107,-121.882484
37.38809,-121.88241,37.388092,-121.88245
37.38809,-121.88241,37.388073,-121.88246
37.38809,-121.88241,37.388103,-121.88241
37.38809,-121.88241,37.388126,-121.88242
37.38809,-121.88241,37.388103,-121.88243
37.38809,-121.88241,37.38812,-121.882416
37.38809,-121.88241,37.388126,-121.882416
37.38809,-121.88241,37.388126,-121.88244
37.38809,-121.88241,37.388115,-121.882385
37.38809,-121.88241,37.38814,-121.88245
37.38809,-121.88241,37.388157,-121.88239
37.38809,-121.88241,37.38813,-121.88241
37.38809,-121.88241,37.388145,-121.882385
37.38809,-121.88241,37.388145,-121.88241
37.38809,-121.88241,37.38809,-121.882416
37.38809,-121.88241,37.388115,-121.882454
37.38809,-121.882416,37.388107,-121.8824
37.388077,-121.88245,37.388145,-121.88246
37.388054,-121.88251,37.388065,-121.88248
37.38802,-121.8826,37.38804,-121.88258
37.38798,-121.88272,37.387962,-121.88274
37.387943,-121.882866,37.38792,-121.88289
37.38791,-121.88304,37.387905,-121.88305
37.38788,-121.883224,37.387848,-121.88328
37.38786,-121.88341,37.387894,-121.883385
37.38785,-121.88359,37.387802,-121.88363
37.387848,-121.88378,37.387806,-121.8838
37.387844,-121.883965,37.387814,-121.88399
37.387844,-121.88414,37.387814,-121.88417
37.387844,-121.88432,37.38781,-121.88437
37.38784,-121.8845,37.387783,-121.8845
37.387836,-121.88467,37.38782,-121.88469
37.38782,-121.88483,37.38782,-121.88483
37.3878,-121.884964,37.387745,-121.88498
37.387764,-121.88508,37.387775,-121.88511
37.38773,-121.88518,37.38775,-121.88518
37.387707,-121.885254,37.38771,-121.88528
37.38769,-121.8853,37.38767,-121.88524
37.387684,-121.88533,37.38768,-121.88536
37.38768,-121.88535,37.387657,-121.885315
37.387676,-121.88536,37.387657,-121.88536
37.387676,-121.88536,37.38762,-121.88539
37.387676,-121.88536,37.38764,-121.88538
37.387676,-121.88536,37.38765,-121.88538
37.387676,-121.88536,37.38772,-121.88533
37.387676,-121.88536,37.387665,-121.885376
37.387676,-121.88536,37.387608,-121.88537
37.387676,-121.88536,37.38764,-121.885345
37.387676,-121.88536,37.387627,-121.885315
37.387676,-121.88537,37.38766,-121.88538
37.38767,-121.88538,37.38761,-121.88546
37.387665,-121.88541,37.387627,-121.88547
37.387653,-121.885445,37.38763,-121.885414
37.387634,-121.8855,37.387657,-121.88553
37.38761,-121.88557,37.387627,-121.885605
37.387585,-121.88564,37.38757,-121.88565
37.387558,-121.885704,37.387573,-121.88573
37.387535,-121.88576,37.387558,-121.88579
37.387516,-121.8858,37.38749,-121.88577
37.387497,-121.88584,37.387493,-121.88587
37.38747,-121.885895,37.387497,-121.88593
37.38743,-121.885956,37.387432,-121.88599
37.387363,-121.886,37.38739,-121.886
37.38729,-121.886024,37.387295,-121.88604
37.38722,-121.88602,37.38718,-121.88601
37.387146,-121.88597,37.38717,-121.88597
37.38707,-121.8859,37.38708,-121.88591
37.386982,-121.885826,37.386948,-121.885826
37.38688,-121.88574,37.386856,-121.88575
37.38677,-121.88564,37.38673,-121.88564
37.386658,-121.885544,37.386627,-121.88557
37.386547,-121.88545,37.38649,-121.885445
37.386444,-121.88536,37.386368,-121.88532
37.386337,-121.88526,37.386284,-121.88526
37.386227,-121.88516,37.386196,-121.88516
37.38611,-121.885056,37.38609,-121.88509
37.385983,-121.88495,37.38594,-121.88492
37.385853,-121.884834,37.385845,-121.88483
37.38572,-121.88471,37.385685,-121.8847
37.38559,-121.8846,37.38553,-121.88459
37.38546,-121.88448,37.385452,-121.88455
37.38533,-121.88438,37.385284,-121.88436
37.3852,-121.88426,37.38513,-121.88433
37.385075,-121.88415,37.38509,-121.88414
37.384953,-121.88403,37.384933,-121.88403
37.384834,-121.88391,37.384808,-121.8839
37.384716,-121.88378,37.384686,-121.88381
37.384598,-121.88365,37.384636,-121.8837
37.384476,-121.88352,37.384464,-121.88352
37.384357,-121.88339,37.384346,-121.88339
37.384235,-121.88326,37.384247,-121.883286
37.384117,-121.88313,37.384083,-121.88317
37.383995,-121.883,37.383953,-121.882996
37.383873,-121.882866,37.383858,-121.882866
37.383747,-121.88274,37.38374,-121.88275
37.383625,-121.88261,37.383606,-121.88263
37.383503,-121.88247,37.38352,-121.882484
37.383377,-121.88234,37.38333,-121.88237
37.383255,-121.88221,37.383224,-121.88221
37.383133,-121.88208,37.383114,-121.88208
37.383007,-121.88194,37.383,-121.88194
37.382885,-121.88181,37.382877,-121.88185
37.382763,-121.881676,37.38272,-121.88173
37.382637,-121.881546,37.382633,-121.8816
37.382515,-121.88141,37.382484,-121.88145
37.38239,-121.88127,37.382355,-121.88129
37.38226,-121.881134,37.38222,-121.881134
37.382133,-121.881,37.382114,-121.88099
37.382004,-121.88086,37.381996,-121.88088
37.381878,-121.880714,37.38187,-121.88071
37.38175,-121.880585,37.38176,-121.88061
37.381622,-121.88045,37.381603,-121.880516
37.3815,-121.88031,37.381485,-121.8803
37.381374,-121.88018,37.38133,-121.88015
37.38125,-121.88004,37.381245,-121.88005
37.381123,-121.879906,37.381115,-121.87992
37.380993,-121.879776,37.380966,-121.87976
37.380863,-121.87964,37.380844,-121.87966
37.380737,-121.8795,37.380707,-121.87949
37.380608,-121.879364,37.380577,-121.87935
37.38048,-121.87923,37.380432,-121.87923
37.380356,-121.87909,37.38035,-121.87912
37.38023,-121.87895,37.38022,-121.87897
37.380104,-121.878815,37.3801,-121.87881
37.37998,-121.878685,37.37995,-121.87869
37.37985,-121.878555,37.37982,-121.87856
37.37971,-121.878426,37.379673,-121.87843
37.379574,-121.8783,37.37957,-121.87834
37.379433,-121.878174,37.37942,-121.8782
37.379288,-121.878044,37.379253,-121.87799
37.379147,-121.877914,37.379135,-121.87791
37.379005,-121.87779,37.378925,-121.877754
37.378864,-121.87766,37.3788,-121.87773
37.378723,-121.87754,37.378685,-121.87754
37.378586,-121.87742,37.37855,-121.8774
37.378445,-121.8773,37.378418,-121.877266
37.378307,-121.87717,37.3783,-121.87717
37.37817,-121.877045,37.378113,-121.87706
37.37803,-121.87692,37.377987,-121.876976
37.37789,-121.8768,37.377792,-121.87678
37.37775,-121.87667,37.37769,-121.87669
37.37761,-121.87655,37.377483,-121.876564
37.37747,-121.87642,37.37741,-121.87646
37.377327,-121.8763,37.377304,-121.87627
37.377186,-121.87617,37.37718,-121.876205
37.37705,-121.876045,37.37701,-121.87602
37.376907,-121.87592,37.376854,-121.87595
37.376774,-121.8758,37.3767,-121.87581
37.376637,-121.87568,37.37659,-121.87572
37.376503,-121.875565,37.37644,-121.875595
37.37637,-121.87544,37.376328,-121.87544
37.376232,-121.87532,37.376194,-121.875336
37.376095,-121.8752,37.376095,-121.875206
37.37596,-121.87508,37.375904,-121.87507
37.375824,-121.87496,37.375786,-121.87493
37.37569,-121.87484,37.375683,-121.874825
37.37556,-121.874725,37.375572,-121.87474
37.375427,-121.8746,37.375385,-121.874626
37.3753,-121.87449,37.375267,-121.874504
37.375175,-121.87438,37.375114,-121.874374
37.375053,-121.87427,37.37501,-121.874306
37.37493,-121.87416,37.374893,-121.874146
37.374813,-121.874054,37.374825,-121.87405
37.374695,-121.873955,37.37466,-121.87396
37.37458,-121.873856,37.374554,-121.87388
37.374474,-121.87377,37.374447,-121.87378
37.374382,-121.87369,37.374416,-121.873726
37.3743,-121.87362,37.374313,-121.8736
37.37423,-121.87356,37.374203,-121.87357
37.374172,-121.87351,37.374126,-121.873474
37.37413,-121.87347,37.3741,-121.87344
37.374096,-121.87344,37.374092,-121.8734
37.374077,-121.87342,37.374027,-121.87341
37.374065,-121.87341,37.37403,-121.87342
37.374065,-121.87341,37.374,-121.87335
37.374065,-121.87341,37.373985,-121.87339
37.374065,-121.87341,37.373997,-121.87337
37.374065,-121.87341,37.374016,-121.87338
37.374065,-121.87341,37.374035,-121.873405
37.374065,-121.87341,37.374058,-121.873405
37.374065,-121.87341,37.37406,-121.873436
37.374065,-121.87341,37.374065,-121.8734
37.374065,-121.87341,37.374058,-121.87343
37.374065,-121.87341,37.37408,-121.87338
37.374065,-121.87341,37.37405,-121.873436
37.374065,-121.87341,37.37406,-121.8734
37.374065,-121.87341,37.37404,-121.87346
37.374065,-121.87341,37.37407,-121.87343
37.374065,-121.87341,37.374012,-121.87343
37.374065,-121.87341,37.374012,-121.87344
37.374065,-121.87341,37.37403,-121.87339
37.374065,-121.87341,37.37405,-121.87343
37.374065,-121.87341,37.373978,-121.87341
37.374065,-121.87341,37.373978,-121.87338
37.374065,-121.87341,37.373985,-121.873405
37.374065,-121.87341,37.373985,-121.87339
37.374065,-121.87341,37.373978,-121.87337
37.374065,-121.87341,37.373947,-121.8734
37.374065,-121.87341,37.373936,-121.873436
37.374065,-121.87341,37.37397,-121.873375
37.374065,-121.87341,37.37395,-121.873375
37.374065,-121.87341,37.373924,-121.87339
37.374065,-121.87341,37.373993,-121.87339
37.374065,-121.87341,37.373966,-121.8734
37.374065,-121.87341,37.373974,-121.87335
37.374065,-121.87341,37.37399,-121.87332
37.374065,-121.87341,37.374004,-121.87336
37.37406,-121.87341,37.374004,-121.87339
37.37405,-121.8734,37.37397,-121.873344
37.374035,-121.87338,37.37398,-121.87341
37.37401,-121.87336,37.37396,-121.87334
37.37397,-121.87333,37.373917,-121.87332
37.373917,-121.873276,37.37388,-121.87324
37.37385,-121.873215,37.373787,-121.87319
37.373783,-121.87315,37.373734,-121.87318
37.373703,-121.87308,37.373642,-121.8731
37.37362,-121.873,37.373623,-121.873024
37.373528,-121.872925,37.373474,-121.87293
37.373432,-121.87285,37.37345,-121.87291
37.373325,-121.87278,37.37333,-121.87274
37.373207,-121.87273,37.373203,-121.87274
37.37308,-121.87269,37.373077,-121.872696
37.372955,-121.87266,37.372948,-121.87268
37.37283,-121.87265,37.372845,-121.87264
37.3727,-121.87265,37.372696,-121.87266
37.372566,-121.87267,37.372585,-121.87267
37.372437,-121.8727,37.37246,-121.87269
37.37231,-121.87274,37.37231,-121.87272
37.37218,-121.87277,37.37218,-121.87281
37.37205,-121.87279,37.372036,-121.8728
37.37192,-121.87278,37.37191,-121.87274
37.371796,-121.872765,37.371777,-121.87274
37.37167,-121.87273,37.371674,-121.87269
37.371548,-121.87269,37.37151,-121.87271
37.371437,-121.87263,37.371384,-121.87259
37.371338,-121.87256,37.371315,-121.87252
37.371243,-121.87249,37.371216,-121.87244
37.37115,-121.87242,37.371143,-121.87241
37.37106,-121.87235,37.371048,-121.87235
37.37096,-121.87228,37.370926,-121.87227
37.370865,-121.8722,37.3708,-121.87228
37.37077,-121.87212,37.370712,-121.87217
37.37068,-121.87205,37.370605,-121.872055
37.370598,-121.87197,37.37059,-121.87202
37.370514,-121.87191,37.37049,-121.87183
37.370426,-121.87185,37.370403,-121.871826
37.370327,-121.87179,37.37026,-121.87175
37.37022,-121.87173,37.370148,-121.87168
37.370106,-121.87166,37.37009,-121.87158
37.369984,-121.871574,37.36997,-121.871574
37.369854,-121.87149,37.369843,-121.8715
37.369724,-121.8714,37.369698,-121.871414
37.369587,-121.87131,37.369568,-121.8713
37.369453,-121.87122,37.36947,-121.871315
37.36932,-121.87113,37.36929,-121.871124
37.36919,-121.87104,37.3692,-121.87105
37.369057,-121.87096,37.36906,-121.87101
37.368927,-121.870865,37.368916,-121.87092
37.368793,-121.87077,37.368847,-121.87075
37.368664,-121.87069,37.368683,-121.87072
37.368534,-121.870605,37.368523,-121.87063
37.368412,-121.87052,37.368385,-121.87046
37.368286,-121.87044,37.3683,-121.87044
37.368168,-121.87035,37.36816,-121.87037
37.36805,-121.87028,37.36803,-121.870255
37.36793,-121.8702,37.36793,-121.870224
37.367813,-121.870125,37.367794,-121.87011
37.3677,-121.87005,37.367695,-121.87004
37.367584,-121.86998,37.367596,-121.869995
37.367474,-121.86991,37.367462,-121.86992
37.36737,-121.86984,37.367363,-121.86985
37.367275,-121.86978,37.367233,-121.86974
37.367184,-121.86972,37.367176,-121.86972
37.367092,-121.86966,37.36708,-121.869705
37.367004,-121.8696,37.36702,-121.8696
37.366913,-121.86954,37.3669,-121.869514
37.366825,-121.86948,37.36681,-121.86945
37.366737,-121.869415,37.366737,-121.8694
37.36665,-121.869354,37.36664,-121.869354
37.36656,-121.86929,37.366547,-121.869286
37.36647,-121.869225,37.366447,-121.86917
37.36638,-121.869156,37.366383,-121.86914
37.366283,-121.86907,37.366188,-121.86902
37.366184,-121.86898,37.366184,-121.868965
37.36609,-121.86889,37.366077,-121.86889
37.365993,-121.86879,37.365955,-121.86878
37.365902,-121.86868,37.36594,-121.86867
37.365818,-121.868576,37.365833,-121.86858
37.365734,-121.86847,37.365723,-121.86853
37.365646,-121.868355,37.365616,-121.86836
37.36556,-121.86824,37.36558,-121.8682
37.365467,-121.86813,37.365456,-121.86812
37.36537,-121.868034,37.365376,-121.868
37.365276,-121.86794,37.36529,-121.867905
37.36518,-121.86786,37.36516,-121.86782
37.36508,-121.86776,37.365063,-121.8677
37.364975,-121.86766,37.364952,-121.867615
37.36486,-121.86755,37.364845,-121.86751
37.36475,-121.86744,37.36475,-121.867455
37.36464,-121.86733,37.364597,-121.86734
37.36453,-121.867226,37.364536,-121.86723
37.364418,-121.86711,37.364395,-121.86713
37.364307,-121.867004,37.36428,-121.86698
37.364197,-121.8669,37.364193,-121.8669
37.36409,-121.86679,37.364105,-121.866806
37.363983,-121.866684,37.36398,-121.866684
37.36388,-121.866585,37.363888,-121.86656
37.363777,-121.86648,37.363754,-121.86644
37.363678,-121.86638,37.36367,-121.866394
37.36358,-121.86629,37.363583,-121.86628
37.363483,-121.86619,37.363483,-121.86617
37.363384,-121.8661,37.363358,-121.86606
37.36328,-121.866,37.363235,-121.86598
37.363182,-121.8659,37.363174,-121.86588
37.36308,-121.86579,37.36309,-121.865776
37.36298,-121.86569,37.36298,-121.86569
37.362873,-121.86559,37.362846,-121.865585
37.362762,-121.865486,37.362747,-121.86545
37.36265,-121.86538,37.362587,-121.86541
37.36254,-121.86527,37.362522,-121.865295
37.36243,-121.86516,37.362434,-121.86515
37.362316,-121.86505,37.362293,-121.865105
37.362198,-121.86494,37.36217,-121.86491
37.36208,-121.86482,37.362045,-121.86484
37.361965,-121.8647,37.361984,-121.864685
37.36185,-121.86459,37.361877,-121.86462
37.361732,-121.86448,37.361717,-121.86444
37.361618,-121.864365,37.361572,-121.86438
37.3615,-121.86425,37.361492,-121.86422
37.36138,-121.86413,37.36134,-121.86409
37.361263,-121.86401,37.361248,-121.864
37.36115,-121.8639,37.361145,-121.86391
37.361034,-121.86379,37.36098,-121.8638
37.36092,-121.86368,37.360928,-121.86369
37.360806,-121.86356,37.3608,-121.8636
37.36069,-121.86344,37.360687,-121.86344
37.36058,-121.86333,37.360523,-121.863335
37.360466,-121.863205,37.36047,-121.86321
37.36036,-121.86309,37.36035,-121.863075
37.360252,-121.862976,37.360214,-121.86296
37.360146,-121.86287,37.360146,-121.8629
37.36004,-121.86276,37.359997,-121.862755
37.359936,-121.862656,37.359913,-121.862656
37.359837,-121.86256,37.359814,-121.86254
37.359734,-121.86246,37.3597,-121.86247
37.35964,-121.862366,37.359615,-121.86239
37.359543,-121.86227,37.359505,-121.86227
37.359447,-121.862175,37.35942,-121.86218
37.359356,-121.86208,37.359318,-121.8621
37.359264,-121.862,37.35925,-121.861984
37.359177,-121.86191,37.359158,-121.861916
37.35909,-121.861824,37.35908,-121.86186
37.359005,-121.86175,37.358986,-121.86176
37.35893,-121.861664,37.358936,-121.86163
37.35886,-121.861595,37.358894,-121.861595
37.358807,-121.86154,37.358807,-121.86149
37.358765,-121.86149,37.358776,-121.86148
37.35873,-121.86145,37.35875,-121.86142
37.3587,-121.86142,37.358704,-121.8614
37.358673,-121.86139,37.35865,-121.861404
37.35864,-121.86135,37.358677,-121.86129
37.358597,-121.8613,37.358585,-121.861275
37.358547,-121.86125,37.358536,-121.86123
37.358498,-121.8612,37.35846,-121.861206
37.358448,-121.86115,37.35844,-121.86115
37.3584,-121.8611,37.35837,-121.8611
37.358337,-121.861046,37.358345,-121.86104
37.358276,-121.860985,37.358227,-121.86097
37.35821,-121.86092,37.358215,-121.86091
37.35815,-121.86085,37.358154,-121.86089
37.358116,-121.86077,37.35812,-121.86074
37.35811,-121.86069,37.358097,-121.86072
37.358135,-121.86061,37.35815,-121.86062
37.358177,-121.86055,37.358147,-121.86057
37.358227,-121.86047,37.35823,-121.86047
37.358284,-121.8604,37.358227,-121.8604
37.35834,-121.860306,37.3583,-121.86032
37.358406,-121.860214,37.358395,-121.86024
37.358475,-121.86011,37.358433,-121.86014
37.358547,-121.86,37.358505,-121.859985
37.358624,-121.859886,37.35858,-121.85991
37.358704,-121.85977,37.358738,-121.85981
37.358788,-121.85965,37.358814,-121.85967
37.358868,-121.85953,37.358784,-121.85955
37.358944,-121.85941,37.358917,-121.85944
37.35902,-121.8593,37.359035,-121.859276
37.3591,-121.859184,37.359085,-121.8592
37.359177,-121.85907,37.359165,-121.85905
37.359253,-121.85896,37.359234,-121.85896
37.35933,-121.85885,37.359337,-121.85885
37.3594,-121.85874,37.359367,-121.858765
37.359474,-121.85863,37.359447,-121.85864
37.359547,-121.85853,37.359543,-121.85855
37.35961,-121.85843,37.359653,-121.85847
37.359673,-121.85834,37.359646,-121.85835
37.359726,-121.85825,37.35962,-121.85829
37.35977,-121.858185,37.359673,-121.858215
37.35981,-121.85813,37.35979,-121.8581
37.35984,-121.858086,37.359818,-121.85811
37.359863,-121.85805,37.359833,-121.85804
37.359882,-121.858025,37.359863,-121.85802
37.359894,-121.858,37.359924,-121.85797
37.3599,-121.857994,37.35991,-121.857994
37.35991,-121.85798,37.35986,-121.85799
37.35991,-121.85798,37.359875,-121.85796
37.35991,-121.85798,37.359917,-121.857925
37.35991,-121.85798,37.359882,-121.85796
37.35991,-121.85798,37.35993,-121.85796
37.35991,-121.85798,37.35993,-121.85794
37.35991,-121.85798,37.35989,-121.85794
37.35991,-121.85798,37.359905,-121.857994
37.35991,-121.85798,37.35982,-121.85796
37.35991,-121.85798,37.359917,-121.85797
37.35991,-121.85798,37.359913,-121.85797
37.35991,-121.85798,37.359814,-121.857925
37.35991,-121.85798,37.35982,-121.85797
37.35991,-121.85798,37.359844,-121.85797
37.35991,-121.85798,37.35982,-121.857956
37.35991,-121.85798,37.35983,-121.85799
37.35991,-121.85798,37.35982,-121.857994
37.35991,-121.85798,37.359795,-121.857956
37.359913,-121.85797,37.359886,-121.85796
37.359924,-121.85796,37.35991,-121.85796
37.35994,-121.85793,37.35992,-121.857925
37.359966,-121.857895,37.35994,-121.85794
37.36001,-121.857834,37.359974,-121.85784
37.36006,-121.857765,37.360073,-121.85773
37.36012,-121.85767,37.360126,-121.85766
37.36019,-121.857574,37.36018,-121.857605
37.360264,-121.85746,37.360268,-121.85748
37.360348,-121.857346,37.36031,-121.85736
37.36043,-121.85722,37.36036,-121.85721
37.36052,-121.85709,37.36049,-121.8571
37.360603,-121.856964,37.360565,-121.856964
37.360687,-121.85684,37.360714,-121.856865
37.36077,-121.85671,37.36075,-121.85669
37.360855,-121.85659,37.360817,-121.85662
37.360935,-121.85647,37.36097,-121.85647
37.36102,-121.856346,37.36107,-121.85634
37.361103,-121.856224,37.361084,-121.856224
37.361183,-121.8561,37.361156,-121.8561
37.361267,-121.85598,37.361244,-121.85598
37.361355,-121.85585,37.361298,-121.85587
37.36144,-121.85573,37.361412,-121.85572
37.361526,-121.8556,37.361504,-121.855606
37.361614,-121.85547,37.36159,-121.85548
37.3617,-121.85535,37.36165,-121.85529
37.361786,-121.85522,37.36174,-121.855194
37.361866,-121.855095,37.36183,-121.85511
37.36195,-121.85497,37.361954,-121.854996
37.362038,-121.85485,37.362026,-121.85485
37.362125,-121.85472,37.362114,-121.85469
37.36221,-121.85459,37.36217,-121.85461
37.362297,-121.85446,37.36223,-121.854416
37.362385,-121.85434,37.362396,-121.85435
37.36247,-121.85421,37.362408,-121.85423
37.36255,-121.854095,37.362576,-121.85407
37.362625,-121.85398,37.362583,-121.85396
37.362698,-121.853874,37.362648,-121.8539
37.362766,-121.85377,37.362717,-121.853775
37.362835,-121.85367,37.36275,-121.85369
37.3629,-121.85357,37.362858,-121.85357
37.362965,-121.85348,37.36287,-121.853485
37.36302,-121.853386,37.363014,-121.85338
37.36308,-121.8533,37.363033,-121.853264
37.363136,-121.85322,37.36314,-121.85322
37.363194,-121.853134,37.363132,-121.85313
37.363255,-121.85304,37.363274,-121.85306
37.363323,-121.85294,37.36332,-121.85295
37.36339,-121.852844,37.363323,-121.85285
37.363457,-121.85275,37.363434,-121.85273
37.363518,-121.85266,37.36339,-121.85267
37.36358,-121.85257,37.363583,-121.85256
37.363636,-121.852486,37.363613,-121.85248
37.363693,-121.8524,37.36366,-121.85241
37.363754,-121.85231,37.36377,-121.852295
37.36382,-121.85222,37.363777,-121.85222
37.363888,-121.85211,37.36385,-121.852135
37.363956,-121.85201,37.363907,-121.852
37.36402,-121.85191,37.36404,-121.85193
37.364086,-121.85182,37.36409,-121.85181
37.364147,-121.85173,37.364132,-121.851715
37.36421,-121.85164,37.36422,-121.85162
37.36427,-121.85155,37.364235,-121.85152
37.364326,-121.851456,37.364307,-121.85147
37.364388,-121.85137,37.364384,-121.85137
37.364445,-121.85129,37.364437,-121.85131
37.364502,-121.851204,37.364475,-121.85122
37.364555,-121.85112,37.364513,-121.85114
37.36461,-121.85104,37.36459,-121.85105
37.364666,-121.850975,37.364674,-121.85095
37.36472,-121.85091,37.364685,-121.8509
37.36477,-121.85084,37.364716,-121.85083
37.36482,-121.85077,37.364807,-121.85077
37.364864,-121.8507,37.364845,-121.85068
37.364906,-121.85064,37.36489,-121.85064
37.364944,-121.850586,37.364918,-121.85059
37.36497,-121.85055,37.364967,-121.85053
37.364986,-121.850525,37.364967,-121.85055
37.36499,-121.85051,37.364956,-121.8505
37.364994,-121.85051,37.364967,-121.85048
37.364994,-121.85051,37.36496,-121.85049
37.364994,-121.85051,37.364986,-121.85052
37.364994,-121.85051,37.36502,-121.850525
37.364994,-121.85051,37.365,-121.85052
37.364994,-121.85051,37.364994,-121.85054
37.364994,-121.85051,37.364944,-121.85046
37.364994,-121.85051,37.364952,-121.85047
37.364994,-121.85051,37.364964,-121.85048
37.364994,-121.85051,37.365017,-121.85049
37.364994,-121.85051,37.36498,-121.850525
37.364994,-121.85051,37.364944,-121.850525
37.364994,-121.85051,37.364918,-121.85056
37.364994,-121.85051,37.36492,-121.850555
37.364994,-121.85051,37.364944,-121.85056
37.364994,-121.85051,37.364983,-121.8505
37.364994,-121.85051,37.364967,-121.850586
37.364994,-121.85051,37.364994,-121.85055
37.364994,-121.85051,37.365032,-121.85052
37.364994,-121.85051,37.365013,-121.85053
37.364994,-121.85051,37.36499,-121.85056
37.364994,-121.85051,37.365,-121.85057
37.364994,-121.85051,37.365055,-121.85057
37.364994,-121.85051,37.365025,-121.85054
37.364994,-121.85051,37.36505,-121.8505
37.364994,-121.85051,37.36504,-121.85053
37.364994,-121.85051,37.364956,-121.850525
37.364994,-121.85051,37.365055,-121.850494
37.364994,-121.85051,37.365005,-121.850525
37.364994,-121.85051,37.364986,-121.85052
37.364994,-121.85051,37.36502,-121.850494
37.364994,-121.85051,37.36503,-121.8505
37.364994,-121.85051,37.36505,-121.85048
37.364994,-121.85051,37.36507,-121.85044
37.364994,-121.85051,37.365067,-121.85043
37.364994,-121.85051,37.36503,-121.85042
37.364994,-121.85051,37.36504,-121.85042
37.364994,-121.85051,37.365086,-121.85044
37.364994,-121.85051,37.364983,-121.850426
37.364994,-121.85051,37.36503,-121.850464
37.364994,-121.85051,37.364986,-121.85045
37.364994,-121.85051,37.364994,-121.85052
37.364994,-121.85051,37.364983,-121.85047
37.364994,-121.85051,37.365013,-121.85048
37.364994,-121.85051,37.365013,-121.85051
37.364994,-121.85051,37.365013,-121.850494
37.364994,-121.85051,37.36502,-121.85046
37.364994,-121.85051,37.365032,-121.850426
37.364994,-121.85051,37.365036,-121.85046
37.364994,-121.85051,37.36508,-121.850494
37.364994,-121.85051,37.36506,-121.850464
37.364994,-121.85051,37.365074,-121.850464
37.364994,-121.85051,37.36509,-121.85047
37.364994,-121.85051,37.36503,-121.85055
37.364994,-121.85051,37.365112,-121.8505
37.364994,-121.85051,37.365044,-121.85052
37.364994,-121.85051,37.36512,-121.85047
37.364994,-121.85051,37.36508,-121.85055
37.364994,-121.85051,37.36505,-121.850525
37.364994,-121.85051,37.364998,-121.850525
37.364994,-121.85051,37.36506,-121.85048
37.364994,-121.85051,37.365055,-121.85049
37.364994,-121.85051,37.36503,-121.85051
37.364994,-121.85051,37.365,-121.850464
37.364994,-121.85051,37.365086,-121.85045
37.364994,-121.85051,37.36501,-121.85047
37.364994,-121.85051,37.365074,-121.85046
37.364994,-121.85051,37.365105,-121.85044
37.364994,-121.85051,37.365017,-121.85044
37.364994,-121.85051,37.364994,-121.850494
37.364994,-121.85051,37.365032,-121.85044
37.364994,-121.85051,37.364994,-121.850525
37.364994,-121.85051,37.36497,-121.85052
37.364994,-121.85051,37.36498,-121.85051
37.364994,-121.85051,37.3649,-121.85057
37.364994,-121.85051,37.364998,-121.85055
37.364994,-121.85051,37.36498,-121.850525
37.364994,-121.85051,37.36496,-121.85053
37.364994,-121.85051,37.364964,-121.85052
37.364994,-121.85051,37.364986,-121.850464
37.365,-121.850494,37.364952,-121.85045
37.365017,-121.85047,37.365005,-121.850464
37.365044,-121.85043,37.36498,-121.85043
37.365078,-121.85039,37.36506,-121.85038
37.36512,-121.85033,37.365116,-121.85034
37.365166,-121.85026,37.365135,-121.850266
37.36522,-121.850204,37.36517,-121.8502
37.36528,-121.850174,37.36526,-121.85015
37.36535,-121.85017,37.365356,-121.8502
37.365414,-121.8502,37.365406,-121.85016
37.36547,-121.85024,37.365475,-121.850235
37.365532,-121.850296,37.365543,-121.85032
37.3656,-121.85036,37.365593,-121.85038
37.365677,-121.850426,37.365692,-121.85043
37.365757,-121.8505,37.365738,-121.850525
37.365837,-121.85058,37.365837,-121.85059
37.365913,-121.85065,37.365906,-121.85062
37.365982,-121.850716,37.36599,-121.850746
37.36604,-121.85078,37.366047,-121.85078
37.366085,-121.85082,37.3661,-121.85081
37.366116,-121.85085,37.366116,-121.8509
37.36614,-121.85087,37.36612,-121.85087
37.366158,-121.850876,37.366173,-121.850876
37.366177,-121.850876,37.3662,-121.850876
37.36619,-121.85086,37.36622,-121.85083
37.366207,-121.850845,37.36618,-121.850815
37.36622,-121.85082,37.36621,-121.85082
37.366234,-121.85081,37.36625,-121.8508
37.36625,-121.850784,37.366257,-121.85078
37.36627,-121.85075,37.36628,-121.85076
37.36629,-121.85072,37.36631,-121.85073
37.366306,-121.85069,37.366306,-121.85068
37.36633,-121.85066,37.366344,-121.85067
37.36635,-121.85063,37.366364,-121.85064
37.366367,-121.8506,37.36641,-121.8506
37.366386,-121.85058,37.366333,-121.85056
37.36641,-121.85055,37.366383,-121.85054
37.36643,-121.85052,37.366398,-121.85049
37.36645,-121.85049,37.366497,-121.8505
37.36647,-121.85046,37.36652,-121.850464
37.36649,-121.850426,37.366512,-121.850426
37.36651,-121.8504,37.36648,-121.85036
37.366528,-121.85037,37.366447,-121.850334
37.366547,-121.85035,37.366528,-121.85034
37.366558,-121.850334,37.366524,-121.85035
37.366566,-121.85031,37.366547,-121.85027
37.366566,-121.85029,37.366558,-121.85024
37.366558,-121.85027,37.366543,-121.85025
37.366547,-121.85025,37.36653,-121.85017
37.366528,-121.850235,37.366516,-121.85019
37.36651,-121.85021,37.36647,-121.85015
37.366486,-121.85019,37.366474,-121.85018
37.36646,-121.85016,37.366425,-121.8502
37.36643,-121.85012,37.366398,-121.85009
37.36639,-121.85008,37.36636,-121.850075
37.366352,-121.850044,37.366295,-121.85002
37.366306,-121.85,37.366306,-121.849976
37.36626,-121.84995,37.366238,-121.84997
37.366215,-121.8499,37.366196,-121.849884
37.36617,-121.84985,37.36617,-121.84984
37.366127,-121.84981,37.366066,-121.84978
37.36609,-121.84977,37.366074,-121.84976
37.36606,-121.84973,37.36607,-121.84973
37.36604,-121.84972,37.36597,-121.8497
37.366024,-121.8497,37.366005,-121.849686
37.366005,-121.849686,37.365936,-121.84967
37.365982,-121.849686,37.365955,-121.849724
37.36596,-121.8497,37.36595,-121.8497
37.365936,-121.849724,37.36595,-121.84973
37.365913,-121.849754,37.365902,-121.84976
37.365906,-121.849785,37.36592,-121.84983
37.365917,-121.849815,37.365906,-121.84984
37.365932,-121.849846,37.36592,-121.84988
37.365955,-121.84987,37.36597,-121.84985
37.365982,-121.84989,37.365944,-121.8499
37.366005,-121.84991,37.365993,-121.84992
37.36603,-121.849915,37.36604,-121.849915
37.366047,-121.84991,37.366062,-121.84992
37.36606,-121.8499,37.36605,-121.8499
37.366062,-121.84989,37.366035,-121.84989
37.366062,-121.84989,37.366055,-121.84993
37.366066,-121.84989,37.36609,-121.849915
37.366066,-121.84989,37.36612,-121.84985
37.366066,-121.84989,37.366066,-121.849754
37.366066,-121.84989,37.366074,-121.849846
37.366066,-121.84989,37.366085,-121.84979
37.366066,-121.84989,37.366116,-121.849915
37.366066,-121.84989,37.36608,-121.84987
37.366066,-121.84989,37.366123,-121.84983
0.0,0.0,0.0,0.0
0.0,0.0,0.0,0.0
0.0,0.0,0.0,0.0
0.0,0.0,0.0,0.0
0.0,0.0,0.0,0.0
0.0,0.0,0.0,0.0
0.0,0.0,0.0,0.0
0.0,0.0,0.0,0.0
0.0,0.0,0.0,0.0
0.0,0.0,0.0,0.0
0.0,0.0,0.0,0.0
0.0,0.0,0.0,0.0
0.0,0.0,0.0,0.0
0.0,0.0,0.0,0.0
0.0,0.0,0.0,0.0
0.0,0.0,0.0,0.0
0.0,0.0,0.0,0.0
0.0,0.0,0.0,0.0
0.0,0.0,0.0,0.0
0.0,0.0,0.0,0.0
0.0,0.0,0.0,0.0
0.0,0.0,0.0,0.0
0.0,0.0,0.0,0.0
0.0,0.0,0.0,0.0
0.0,0.0,0.0,0.0
0.0,0.0,0.0,0.0
0.0,0.0,0.0,0.0
0.0,0.0,0.0,0.0
0.0,0.0,0.0,0.0
0.0,0.0,0.0,0.0
0.0,0.0,0.0,0.0
0.0,0.0,0.0,0.0
0.0,0.0,0.0,0.0
0.0,0.0,0.0,0.0
0.0,0.0,0.0,0.0
0.0,0.0,0.0,0.0
0.0,0.0,0.0,0.0
0.0,0.0,0.0,0.0
0.0,0.0,0.0,0.0
0.0,0.0,0.0,0.0
0.0,0.0,0.0,0.0
0.0,0.0,0.0,0.0
0.0,0.0,0.0,0.0
0.0,0.0,0.0,0.0
0.0,0.0,0.0,0.0
0.0,0.0,0.0,0.0
0.0,0.0,0.0,0.0
0.0,0.0,0.0,0.0
0.0,0.0,0.0,0.0
0.0,0.0,0.0,0.0
0.0,0.0,0.0,0.0
0.0,0.0,0.0,0.0
0.0,0.0,0.0,0.0
0.0,0.0,0.0,0.0
0.0,0.0,0.0,0.0
0.0,0.0,0.0,0.0
0.0,0.0,0.0,0.0
0.0,0.0,0.0,0.0
0.0,0.0,0.0,0.0
0.0,0.0,0.0,0.0
0.0,0.0,0.0,0.0
0.0,0.0,0.0,0.0
0.0,0.0,0.0,0.0
0.0,0.0,0.0,0.0
0.0,0.0,0.0,0.0
0.0,0.0,0.0,0.0
0.0,0.0,0.0,0.0
0.0,0.0,0.0,0.0
0.0,0.0,0.0,0.0
0.0,0.0,0.0,0.0
0.0,0.0,0.0,0.0
0.0,0.0,0.0,0.0
0.0,0.0,0.0,0.0
0.0,0.0,0.0,0.0
0.0,0.0,0.0,0.0
0.0,0.0,0.0,0.0
0.0,0.0,0.0,0.0
0.0,0.0,0.0,0.0
0.0,0.0,0.0,0.0
0.0,0.0,0.0,0.0
0.0,0.0,0.0,0.0
0.0,0.0,0.0,0.0
0.0,0.0,0.0,0.0
0.0,0.0,0.0,0.0
0.0,0.0,0.0,0.0
0.0,0.0,0.0,0.0
0.0,0.0,0.0,0.0
0.0,0.0,0.0,0.0
0.0,0.0,0.0,0.0
0.0,0.0,0.0,0.0
0.0,0.0,0.0,0.0
0.0,0.0,0.0,0.0
0.0,0.0,0.0,0.0
0.0,0.0,0.0,0.0
0.0,0.0,0.0,0.0
0.0,0.0,0.0,0.0
0.0,0.0,0.0,0.0
0.0,0.0,0.0,0.0
0.0,0.0,0.0,0.0
0.0,0.0,0.0,0.0
0.0,0.0,0.0,0.0
0.0,0.0,0.0,0.0
0.0,0.0,0.0,0.0
0.0,0.0,0.0,0.0
0.0,0.0,0.0,0.0
0.0,0.0,0.0,0.0
0.0,0.0,0.0,0.0
0.0,0.0,0.0,0.0
0.0,0.0,0.0,0.0
0.0,0.0,0.0,0.0
0.0,0.0,0.0,0.0
0.0,0.0,0.0,0.0
0.0,0.0,0.0,0.0
0.0,0.0,0.0,0.0
0.0,0.0,0.0,0.0
0.0,0.0,0.0,0.0
0.0,0.0,0.0,0.0
0.0,0.0,0.0,0.0
0.0,0.0,0.0,0.0
0.0,0.0,0.0,0.0
0.0,0.0,0.0,0.0
0.0,0.0,0.0,0.0
0.0,0.0,0.0,0.0
0.0,0.0,0.0,0.0
0.0,0.0,0.0,0.0
0.0,0.0,0.0,0.0
0.0,0.0,0.0,0.0
0.0,0.0,0.0,0.0
0.0,0.0,0.0,0.0
0.0,0.0,0.0,0.0
0.0,0.0,0.0,0.0
0.0,0.0,0.0,0.0
0.0,0.0,0.0,0.0
0.0,0.0,0.0,0.0
0.0,0.0,0.0,0.0
0.0,0.0,0.0,0.0
0.0,0.0,0.0,0.0
0.0,0.0,0.0,0.0
0.0,0.0,0.0,0.0
0.0,0.0,0.0,0.0
0.0,0.0,0.0,0.0
0.0,0.0,0.0,0.0
0.0,0.0,0.0,0.0
0.0,0.0,0.0,0.0
0.0,0.0,0.0,0.0
0.0,0.0,0.0,0.0
0.0,0.0,0.0,0.0
0.0,0.0,0.0,0.0
0.0,0.0,0.0,0.0
0.0,0.0,0.0,0.0
0.0,0.0,0.0,0.0
0.0,0.0,0.0,0.0
0.0,0.0,0.0,0.0
0.0,0.0,0.0,0.0
0.0,0.0,0.0,0.0
0.0,0.0,0.0,0.0
0.0,0.0,0.0,0.0
0.0,0.0,0.0,0.0
0.0,0.0,0.0,0.0
0.0,0.0,0.0,0.0
0.0,0.0,0.0,0.0
0.0,0.0,0.0,0.0
0.0,0.0,0.0,0.0
0.0,0.0,0.0,0.0
0.0,0.0,0.0,0.0
0.0,0.0,0.0,0.0
0.0,0.0,0.0,0.0
0.0,0.0,0.0,0.0
0.0,0.0,0.0,0.0
0.0,0.0,0.0,0.0
0.0,0.0,0.0,0.0
0.0,0.0,0.0,0.0
0.0,0.0,0.0,0.0
0.0,0.0,0.0,0.0
0.0,0.0,0.0,0.0
0.0,0.0,0.0,0.0
0.0,0.0,0.0,0.0
0.0,0.0,0.0,0.0
0.0,0.0,0.0,0.0
0.0,0.0,0.0,0.0
0.0,0.0,0.0,0.0
0.0,0.0,0.0,0.0
0.0,0.0,0.0,0.0
0.0,0.0,0.0,0.0
0.0,0.0,0.0,0.0
0.0,0.0,0.0,0.0
0.0,0.0,0.0,0.0
0.0,0.0,0.0,0.0
0.0,0.0,0.0,0.0
0.0,0.0,0.0,0.0
0.0,0.0,0.0,0.0
0.0,0.0,0.0,0.0
0.0,0.0,0.0,0.0
0.0,0.0,0.0,0.0
0.0,0.0,0.0,0.0
0.0,0.0,0.0,0.0
0.0,0.0,0.0,0.0
0.0,0.0,0.0,0.0
0.0,0.0,0.0,0.0
0.0,0.0,0.0,0.0
0.0,0.0,0.0,0.0
0.0,0.0,0.0,0.0
0.0,0.0,0.0,0.0
0.0,0.0,0.0,0.0
0.0,0.0,0.0,0.0
0.0,0.0,0.0,0.0
0.0,0.0,0.0,0.0
0.0,0.0,0.0,0.0
0.0,0.0,0.0,0.0
0.0,0.0,0.0,0.0
0.0,0.0,0.0,0.0
0.0,0.0,0.0,0.0
0.0,0.0,0.0,0.0
0.0,0.0,0.0,0.0
0.0,0.0,0.0,0.0
0.0,0.0,0.0,0.0
0.0,0.0,0.0,0.0
0.0,0.0,0.0,0.0
0.0,0.0,0.0,0.0
0.0,0.0,0.0,0.0
0.0,0.0,0.0,0.0
0.0,0.0,0.0,0.0
0.0,0.0,0.0,0.0
0.0,0.0,0.0,0.0
0.0,0.0,0.0,0.0
0.0,0.0,0.0,0.0
0.0,0.0,0.0,0.0
0.0,0.0,0.0,0.0
0.0,0.0,0.0,0.0
0.0,0.0,0.0,0.0
0.0,0.0,0.0,0.0
0.0,0.0,0.0,0.0
0.0,0.0,0.0,0.0
0.0,0.0,0.0,0.0
0.0,0.0,0.0,0.0
0.0,0.0,0.0,0.0
0.0,0.0,0.0,0.0
0.0,0.0,0.0,0.0
0.0,0.0,0.0,0.0
0.0,0.0,0.0,0.0
0.0,0.0,0.0,0.0
0.0,0.0,0.0,0.0
0.0,0.0,0.0,0.0
0.0,0.0,0.0,0.0
0.0,0.0,0.0,0.0
0.0,0.0,0.0,0.0
0.0,0.0,0.0,0.0
0.0,0.0,0.0,0.0
0.0,0.0,0.0,0.0
0.0,0.0,0.0,0.0
0.0,0.0,0.0,0.0
0.0,0.0,0.0,0.0
0.0,0.0,0.0,0.0
0.0,0.0,0.0,0.0
0.0,0.0,0.0,0.0
0.0,0.0,0.0,0.0
0.0,0.0,0.0,0.0
0.0,0.0,0.0,0.0
0.0,0.0,0.0,0.0
0.0,0.0,0.0,0.0
0.0,0.0,0.0,0.0
0.0,0.0,0.0,0.0
0.0,0.0,0.0,0.0
0.0,0.0,0.0,0.0
0.0,0.0,0.0,0.0
0.0,0.0,0.0,0.0
0.0,0.0,0.0,0.0
0.0,0.0,0.0,0.0
0.0,0.0,0.0,0.0
0.0,0.0,0.0,0.0
0.0,0.0,0.0,0.0
0.0,0.0,0.0,0.0
0.0,0.0,0.0,0.0
0.0,0.0,0.0,0.0
0.0,0.0,0.0,0.0
0.0,0.0,0.0,0.0
0.0,0.0,0.0,0.0
0.0,0.0,0.0,0.0
0.0,0.0,0.0,0.0
0.0,0.0,0.0,0.0
0.0,0.0,0.0,0.0
0.0,0.0,0.0,0.0
0.0,0.0,0.0,0.0
0.0,0.0,0.0,0.0
0.0,0.0,0.0,0.0
0.0,0.0,0.0,0.0
0.0,0.0,0.0,0.0
0.0,0.0,0.0,0.0
0.0,0.0,0.0,0.0
0.0,0.0,0.0,0.0
0.0,0.0,0.0,0.0
0.0,0.0,0.0,0.0
0.0,0.0,0.0,0.0
0.0,0.0,0.0,0.0
0.0,0.0,0.0,0.0
0.0,0.0,0.0,0.0
0.0,0.0,0.0,0.0
0.0,0.0,0.0,0.0
0.0,0.0,0.0,0.0
0.0,0.0,0.0,0.0
0.0,0.0,0.0,0.0
0.0,0.0,0.0,0.0
0.0,0.0,0.0,0.0
0.0,0.0,0.0,0.0
0.0,0.0,0.0,0.0
0.0,0.0,0.0,0.0
0.0,0.0,0.0,0.0
0.0,0.0,0.0,0.0
0.0,0.0,0.0,0.0
0.0,0.0,0.0,0.0
0.0,0.0,0.0,0.0
0.0,0.0,0.0,0.0
0.0,0.0,0.0,0.0
0.0,0.0,0.0,0.0
0.0,0.0,0.0,0.0
0.0,0.0,0.0,0.0
0.0,0.0,0.0,0.0
0.0,0.0,0.0,0.0
0.0,0.0,0.0,0.0
0.0,0.0,0.0,0.0
0.0,0.0,0.0,0.0
0.0,0.0,0.0,0.0
0.0,0.0,0.0,0.0
0.0,0.0,0.0,0.0
0.0,0.0,0.0,0.0
0.0,0.0,0.0,0.0
0.0,0.0,0.0,0.0
0.0,0.0,0.0,0.0
0.0,0.0,0.0,0.0
0.0,0.0,0.0,0.0
0.0,0.0,0.0,0.0
0.0,0.0,0.0,0.0
0.0,0.0,0.0,0.0
0.0,0.0,0.0,0.0
0.0,0.0,0.0,0.0
0.0,0.0,0.0,0.0
0.0,0.0,0.0,0.0
0.0,0.0,0.0,0.0
0.0,0.0,0.0,0.0
0.0,0.0,0.0,0.0
0.0,0.0,0.0,0.0
0.0,0.0,0.0,0.0
0.0,0.0,0.0,0.0
0.0,0.0,0.0,0.0
0.0,0.0,0.0,0.0
0.0,0.0,0.0,0.0
0.0,0.0,0.0,0.0
0.0,0.0,0.0,0.0
0.0,0.0,0.0,0.0
0.0,0.0,0.0,0.0
0.0,0.0,0.0,0.0
0.0,0.0,0.0,0.0
0.0,0.0,0.0,0.0
0.0,0.0,0.0,0.0
0.0,0.0,0.0,0.0
0.0,0.0,0.0,0.0
0.0,0.0,0.0,0.0
0.0,0.0,0.0,0.0
0.0,0.0,0.0,0.0
0.0,0.0,0.0,0.0
0.0,0.0,0.0,0.0
0.0,0.0,0.0,0.0
0.0,0.0,0.0,0.0
0.0,0.0,0.0,0.0
0.0,0.0,0.0,0.0
0.0,0.0,0.0,0.0
0.0,0.0,0.0,0.0
0.0,0.0,0.0,0.0
0.0,0.0,0.0,0.0
0.0,0.0,0.0,0.0
0.0,0.0,0.0,0.0
0.0,0.0,0.0,0.0
0.0,0.0,0.0,0.0
0.0,0.0,0.0,0.0
0.0,0.0,0.0,0.0
0.0,0.0,0.0,0.0
0.0,0.0,0.0,0.0
0.0,0.0,0.0,0.0
0.0,0.0,0.0,0.0
0.0,0.0,0.0,0.0
0.0,0.0,0.0,0.0
0.0,0.0,0.0,0.0
0.0,0.0,0.0,0.0
0.0,0.0,0.0,0.0
0.0,0.0,0.0,0.0
0.0,0.0,0.0,0.0
0.0,0.0,0.0,0.0
0.0,0.0,0.0,0.0
0.0,0.0,0.0,0.0
0.0,0.0,0.0,0.0
0.0,0.0,0.0,0.0
0.0,0.0,0.0,0.0
0.0,0.0,0.0,0.0
0.0,0.0,0.0,0.0
0.0,0.0,0.0,0.0
0.0,0.0,0.0,0.0
0.0,0.0,0.0,0.0
0.0,0.0,0.0,0.0
0.0,0.0,0.0,0.0
0.0,0.0,0.0,0.0
0.0,0.0,0.0,0.0
0.0,0.0,0.0,0.0
0.0,0.0,0.0,0.0
0.0,0.0,0.0,0.0
0.0,0.0,0.0,0.0
0.0,0.0,0.0,0.0
0.0,0.0,0.0,0.0
0.0,0.0,0.0,0.0
0.0,0.0,0.0,0.0
0.0,0.0,0.0,0.0
0.0,0.0,0.0,0.0
0.0,0.0,0.0,0.0
0.0,0.0,0.0,0.0
0.0,0.0,0.0,0.0
0.0,0.0,0.0,0.0
0.0,0.0,0.0,0.0
0.0,0.0,0.0,0.0
0.0,0.0,0.0,0.0
0.0,0.0,0.0,0.0
0.0,0.0,0.0,0.0
0.0,0.0,0.0,0.0
0.0,0.0,0.0,0.0
0.0,0.0,0.0,0.0
0.0,0.0,0.0,0.0
0.0,0.0,0.0,0.0
0.0,0.0,0.0,0.0
0.0,0.0,0.0,0.0
0.0,0.0,0.0,0.0
0.0,0.0,0.0,0.0
0.0,0.0,0.0,0.0
0.0,0.0,0.0,0.0
0.0,0.0,0.0,0.0
0.0,0.0,0.0,0.0
0.0,0.0,0.0,0.0
0.0,0.0,0.0,0.0
0.0,0.0,0.0,0.0
0.0,0.0,0.0,0.0
0.0,0.0,0.0,0.0
0.0,0.0,0.0,0.0
0.0,0.0,0.0,0.0
0.0,0.0,0.0,0.0
0.0,0.0,0.0,0.0
0.0,0.0,0.0,0.0
0.0,0.0,0.0,0.0
0.0,0.0,0.0,0.0
0.0,0.0,0.0,0.0
0.0,0.0,0.0,0.0
0.0,0.0,0.0,0.0
0.0,0.0,0.0,0.0
0.0,0.0,0.0,0.0
0.0,0.0,0.0,0.0
0.0,0.0,0.0,0.0
0.0,0.0,0.0,0.0
0.0,0.0,0.0,0.0
0.0,0.0,0.0,0.0
0.0,0.0,0.0,0.0
0.0,0.0,0.0,0.0
0.0,0.0,0.0,0.0
0.0,0.0,0.0,0.0
0.0,0.0,0.0,0.0
0.0,0.0,0.0,0.0
0.0,0.0,0.0,0.0
0.0,0.0,0.0,0.0
0.0,0.0,0.0,0.0
0.0,0.0,0.0,0.0
0.0,0.0,0.0,0.0
0.0,0.0,0.0,0.0
0.0,0.0,0.0,0.0
0.0,0.0,0.0,0.0
0.0,0.0,0.0,0.0
0.0,0.0,0.0,0.0
0.0,0.0,0.0,0.0
0.0,0.0,0.0,0.0
0.0,0.0,0.0,0.0
0.0,0.0,0.0,0.0
0.0,0.0,0.0,0.0
0.0,0.0,0.0,0.0
0.0,0.0,0.0,0.0
0.0,0.0,0.0,0.0
0.0,0.0,0.0,0.0
0.0,0.0,0.0,0.0
0.0,0.0,0.0,0.0
0.0,0.0,0.0,0.0
0.0,0.0,0.0,0.0
0.0,0.0,0.0,0.0
0.0,0.0,0.0,0.0
0.0,0.0,0.0,0.0
0.0,0.0,0.0,0.0
0.0,0.0,0.0,0.0
0.0,0.0,0.0,0.0
0.0,0.0,0.0,0.0
0.0,0.0,0.0,0.0
0.0,0.0,0.0,0.0
0.0,0.0,0.0,0.0
0.0,0.0,0.0,0.0
0.0,0.0,0.0,0.0
0.0,0.0,0.0,0.0
0.0,0.0,0.0,0.0
0.0,0.0,0.0,0.0
0.0,0.0,0.0,0.0
0.0,0.0,0.0,0.0
0.0,0.0,0.0,0.0
0.0,0.0,0.0,0.0
0.0,0.0,0.0,0.0
0.0,0.0,0.0,0.0
0.0,0.0,0.0,0.0
0.0,0.0,0.0,0.0
0.0,0.0,0.0,0.0
0.0,0.0,0.0,0.0
0.0,0.0,0.0,0.0
0.0,0.0,0.0,0.0
0.0,0.0,0.0,0.0
0.0,0.0,0.0,0.0
0.0,0.0,0.0,0.0
0.0,0.0,0.0,0.0
0.0,0.0,0.0,0.0
0.0,0.0,0.0,0.0
0.0,0.0,0.0,0.0
0.0,0.0,0.0,0.0
0.0,0.0,0.0,0.0
0.0,0.0,0.0,0.0
0.0,0.0,0.0,0.0
0.0,0.0,0.0,0.0
0.0,0.0,0.0,0.0
0.0,0.0,0.0,0.0
0.0,0.0,0.0,0.0
0.0,0.0,0.0,0.0
0.0,0.0,0.0,0.0
0.0,0.0,0.0,0.0
0.0,0.0,0.0,0.0
0.0,0.0,0.0,0.0
0.0,0.0,0.0,0.0
0.0,0.0,0.0,0.0
0.0,0.0,0.0,0.0
0.0,0.0,0.0,0.0
0.0,0.0,0.0,0.0
0.0,0.0,0.0,0.0
0.0,0.0,0.0,0.0
0.0,0.0,0.0,0.0
0.0,0.0,0.0,0.0
0.0,0.0,0.0,0.0
0.0,0.0,0.0,0.0
0.0,0.0,0.0,0.0
0.0,0.0,0.0,0.0
0.0,0.0,0.0,0.0
0.0,0.0,0.0,0.0
0.0,0.0,0.0,0.0
0.0,0.0,0.0,0.0
0.0,0.0,0.0,0.0
0.0,0.0,0.0,0.0
0.0,0.0,0.0,0.0
0.0,0.0,0.0,0.0
0.0,0.0,0.0,0.0
0.0,0.0,0.0,0.0
0.0,0.0,0.0,0.0
0.0,0.0,0.0,0.0
0.0,0.0,0.0,0.0
0.0,0.0,0.0,0.0
0.0,0.0,0.0,0.0
0.0,0.0,0.0,0.0
0.0,0.0,0.0,0.0
0.0,0.0,0.0,0.0
0.0,0.0,0.0,0.0
0.0,0.0,0.0,0.0
0.0,0.0,0.0,0.0
0.0,0.0,0.0,0.0
0.0,0.0,0.0,0.0
0.0,0.0,0.0,0.0
0.0,0.0,0.0,0.0
0.0,0.0,0.0,0.0
0.0,0.0,0.0,0.0
0.0,0.0,0.0,0.0
0.0,0.0,0.0,0.0
0.0,0.0,0.0,0.0
0.0,0.0,0.0,0.0
0.0,0.0,0.0,0.0
0.0,0.0,0.0,0.0
0.0,0.0,0.0,0.0
0.0,0.0,0.0,0.0
0.0,0.0,0.0,0.0
0.0,0.0,0.0,0.0
0.0,0.0,0.0,0.0
0.0,0.0,0.0,0.0
0.0,0.0,0.0,0.0
0.0,0.0,0.0,0.0
0.0,0.0,0.0,0.0
0.0,0.0,0.0,0.0
0.0,0.0,0.0,0.0
0.0,0.0,0.0,0.0
0.0,0.0,0.0,0.0
0.0,0.0,0.0,0.0
0.0,0.0,0.0,0.0
0.0,0.0,0.0,0.0
0.0,0.0,0.0,0.0
0.0,0.0,0.0,0.0
0.0,0.0,0.0,0.0
0.0,0.0,0.0,0.0
0.0,0.0,0.0,0.0
0.0,0.0,0.0,0.0
0.0,0.0,0.0,0.0
0.0,0.0,0.0,0.0
0.0,0.0,0.0,0.0
0.0,0.0,0.0,0.0
0.0,0.0,0.0,0.0
0.0,0.0,0.0,0.0
0.0,0.0,0.0,0.0
0.0,0.0,0.0,0.0
0.0,0.0,0.0,0.0
0.0,0.0,0.0,0.0
0.0,0.0,0.0,0.0
0.0,0.0,0.0,0.0
0.0,0.0,0.0,0.0
0.0,0.0,0.0,0.0
0.0,0.0,0.0,0.0
0.0,0.0,0.0,0.0
0.0,0.0,0.0,0.0
0.0,0.0,0.0,0.0
0.0,0.0,0.0,0.0
0.0,0.0,0.0,0.0
0.0,0.0,0.0,0.0
0.0,0.0,0.0,0.0
0.0,0.0,0.0,0.0
0.0,0.0,0.0,0.0
0.0,0.0,0.0,0.0
0.0,0.0,0.0,0.0
0.0,0.0,0.0,0.0
0.0,0.0,0.0,0.0
0.0,0.0,0.0,0.0
0.0,0.0,0.0,0.0
0.0,0.0,0.0,0.0
0.0,0.0,0.0,0.0
0.0,0.0,0.0,0.0
0.0,0.0,0.0,0.0
0.0,0.0,0.0,0.0
0.0,0.0,0.0,0.0
0.0,0.0,0.0,0.0
0.0,0.0,0.0,0.0
0.0,0.0,0.0,0.0
0.0,0.0,0.0,0.0
0.0,0.0,0.0,0.0
0.0,0.0,0.0,0.0
0.0,0.0,0.0,0.0
0.0,0.0,0.0,0.0
0.0,0.0,0.0,0.0
0.0,0.0,0.0,0.0
0.0,0.0,0.0,0.0
0.0,0.0,0.0,0.0
0.0,0.0,0.0,0.0
0.0,0.0,0.0,0.0
0.0,0.0,0.0,0.0
0.0,0.0,0.0,0.0
0.0,0.0,0.0,0.0
0.0,0.0,0.0,0.0
0.0,0.0,0.0,0.0
0.0,0.0,0.0,0.0
0.0,0.0,0.0,0.0
0.0,0.0,0.0,0.0
0.0,0.0,0.0,0.0
0.0,0.0,0.0,0.0
0.0,0.0,0.0,0.0
0.0,0.0,0.0,0.0
0.0,0.0,0.0,0.0
0.0,0.0,0.0,0.0
0.0,0.0,0.0,0.0
0.0,0.0,0.0,0.0
0.0,0.0,0.0,0.0
0.0,0.0,0.0,0.0
0.0,0.0,0.0,0.0
0.0,0.0,0.0,0.0
0.0,0.0,0.0,0.0
0.0,0.0,0.0,0.0
0.0,0.0,0.0,0.0
0.0,0.0,0.0,0.0
0.0,0.0,0.0,0.0
0.0,0.0,0.0,0.0
0.0,0.0,0.0,0.0
0.0,0.0,0.0,0.0
0.0,0.0,0.0,0.0
0.0,0.0,0.0,0.0
0.0,0.0,0.0,0.0
0.0,0.0,0.0,0.0
0.0,0.0,0.0,0.0
0.0,0.0,0.0,0.0
0.0,0.0,0.0,0.0
0.0,0.0,0.0,0.0
0.0,0.0,0.0,0.0
0.0,0.0,0.0,0.0
0.0,0.0,0.0,0.0
0.0,0.0,0.0,0.0
0.0,0.0,0.0,0.0
0.0,0.0,0.0,0.0
0.0,0.0,0.0,0.0
0.0,0.0,0.0,0.0
0.0,0.0,0.0,0.0
0.0,0.0,0.0,0.0
0.0,0.0,0.0,0.0
0.0,0.0,0.0,0.0
0.0,0.0,0.0,0.0
0.0,0.0,0.0,0.0
0.0,0.0,0.0,0.0
0.0,0.0,0.0,0.0
0.0,0.0,0.0,0.0
0.0,0.0,0.0,0.0
0.0,0.0,0.0,0.0
0.0,0.0,0.0,0.0
0.0,0.0,0.0,0.0
0.0,0.0,0.0,0.0
0.0,0.0,0.0,0.0
0.0,0.0,0.0,0.0
0.0,0.0,0.0,0.0
0.0,0.0,0.0,0.0
0.0,0.0,0.0,0.0
0.0,0.0,0.0,0.0
0.0,0.0,0.0,0.0
0.0,0.0,0.0,0.0
0.0,0.0,0.0,0.0
0.0,0.0,0.0,0.0
0.0,0.0,0.0,0.0
0.0,0.0,0.0,0.0
0.0,0.0,0.0,0.0
0.0,0.0,0.0,0.0
0.0,0.0,0.0,0.0
0.0,0.0,0.0,0.0
0.0,0.0,0.0,0.0
0.0,0.0,0.0,0.0
0.0,0.0,0.0,0.0
0.0,0.0,0.0,0.0
0.0,0.0,0.0,0.0
0.0,0.0,0.0,0.0
0.0,0.0,0.0,0.0
0.0,0.0,0.0,0.0
0.0,0.0,0.0,0.0
0.0,0.0,0.0,0.0
0.0,0.0,0.0,0.0
0.0,0.0,0.0,0.0
0.0,0.0,0.0,0.0
0.0,0.0,0.0,0.0
0.0,0.0,0.0,0.0
0.0,0.0,0.0,0.0
0.0,0.0,0.0,0.0
0.0,0.0,0.0,0.0
0.0,0.0,0.0,0.0
0.0,0.0,0.0,0.0
0.0,0.0,0.0,0.0
0.0,0.0,0.0,0.0
0.0,0.0,0.0,0.0
0.0,0.0,0.0,0.0
0.0,0.0,0.0,0.0
0.0,0.0,0.0,0.0
0.0,0.0,0.0,0.0
0.0,0.0,0.0,0.0
0.0,0.0,0.0,0.0
0.0,0.0,0.0,0.0
0.0,0.0,0.0,0.0
0.0,0.0,0.0,0.0
0.0,0.0,0.0,0.0
0.0,0.0,0.0,0.0
0.0,0.0,0.0,0.0
0.0,0.0,0.0,0.0
0.0,0.0,0.0,0.0
0.0,0.0,0.0,0.0
0.0,0.0,0.0,0.0
0.0,0.0,0.0,0.0
0.0,0.0,0.0,0.0
0.0,0.0,0.0,0.0
0.0,0.0,0.0,0.0
0.0,0.0,0.0,0.0
0.0,0.0,0.0,0.0
0.0,0.0,0.0,0.0
0.0,0.0,0.0,0.0
0.0,0.0,0.0,0.0
0.0,0.0,0.0,0.0
0.0,0.0,0.0,0.0
0.0,0.0,0.0,0.0
0.0,0.0,0.0,0.0
0.0,0.0,0.0,0.0
0.0,0.0,0.0,0.0
0.0,0.0,0.0,0.0
0.0,0.0,0.0,0.0
0.0,0.0,0.0,0.0
0.0,0.0,0.0,0.0
0.0,0.0,0.0,0.0
0.0,0.0,0.0,0.0
0.0,0.0,0.0,0.0
0.0,0.0,0.0,0.0
0.0,0.0,0.0,0.0
0.0,0.0,0.0,0.0
0.0,0.0,0.0,0.0
0.0,0.0,0.0,0.0
0.0,0.0,0.0,0.0
0.0,0.0,0.0,0.0
0.0,0.0,0.0,0.0
0.0,0.0,0.0,0.0
0.0,0.0,0.0,0.0
0.0,0.0,0.0,0.0
0.0,0.0,0.0,0.0
0.0,0.0,0.0,0.0
0.0,0.0,0.0,0.0
0.0,0.0,0.0,0.0
0.0,0.0,0.0,0.0
0.0,0.0,0.0,0.0
0.0,0.0,0.0,0.0
0.0,0.0,0.0,0.0
0.0,0.0,0.0,0.0
0.0,0.0,0.0,0.0
0.0,0.0,0.0,0.0
0.0,0.0,0.0,0.0
0.0,0.0,0.0,0.0
0.0,0.0,0.0,0.0
0.0,0.0,0.0,0.0
0.0,0.0,0.0,0.0
0.0,0.0,0.0,0.0
0.0,0.0,0.0,0.0
0.0,0.0,0.0,0.0
0.0,0.0,0.0,0.0
0.0,0.0,0.0,0.0
0.0,0.0,0.0,0.0
0.0,0.0,0.0,0.0
0.0,0.0,0.0,0.0
0.0,0.0,0.0,0.0
0.0,0.0,0.0,0.0
0.0,0.0,0.0,0.0
0.0,0.0,0.0,0.0
0.0,0.0,0.0,0.0
0.0,0.0,0.0,0.0
0.0,0.0,0.0,0.0
0.0,0.0,0.0,0.0
0.0,0.0,0.0,0.0
0.0,0.0,0.0,0.0
0.0,0.0,0.0,0.0
0.0,0.0,0.0,0.0
0.0,0.0,0.0,0.0
0.0,0.0,0.0,0.0
0.0,0.0,0.0,0.0
0.0,0.0,0.0,0.0
0.0,0.0,0.0,0.0
0.0,0.0,0.0,0.0
0.0,0.0,0.0,0.0
0.0,0.0,0.0,0.0
0.0,0.0,0.0,0.0
0.0,0.0,0.0,0.0
0.0,0.0,0.0,0.0
0.0,0.0,0.0,0.0
0.0,0.0,0.0,0.0
0.0,0.0,0.0,0.0
0.0,0.0,0.0,0.0
0.0,0.0,0.0,0.0
0.0,0.0,0.0,0.0
0.0,0.0,0.0,0.0
0.0,0.0,0.0,0.0
0.0,0.0,0.0,0.0
0.0,0.0,0.0,0.0
0.0,0.0,0.0,0.0
0.0,0.0,0.0,0.0
0.0,0.0,0.0,0.0
0.0,0.0,0.0,0.0
0.0,0.0,0.0,0.0
0.0,0.0,0.0,0.0
0.0,0.0,0.0,0.0
0.0,0.0,0.0,0.0
0.0,0.0,0.0,0.0
0.0,0.0,0.0,0.0
0.0,0.0,0.0,0.0
0.0,0.0,0.0,0.0
0.0,0.0,0.0,0.0
0.0,0.0,0.0,0.0
0.0,0.0,0.0,0.0
0.0,0.0,0.0,0.0
0.0,0.0,0.0,0.0
0.0,0.0,0.0,0.0
0.0,0.0,0.0,0.0
0.0,0.0,0.0,0.0
0.0,0.0,0.0,0.0
0.0,0.0,0.0,0.0
0.0,0.0,0.0,0.0
0.0,0.0,0.0,0.0
0.0,0.0,0.0,0.0
0.0,0.0,0.0,0.0
0.0,0.0,0.0,0.0
0.0,0.0,0.0,0.0
0.0,0.0,0.0,0.0
0.0,0.0,0.0,0.0
0.0,0.0,0.0,0.0
0.0,0.0,0.0,0.0
0.0,0.0,0.0,0.0
0.0,0.0,0.0,0.0
0.0,0.0,0.0,0.0
0.0,0.0,0.0,0.0
0.0,0.0,0.0,0.0
0.0,0.0,0.0,0.0
0.0,0.0,0.0,0.0
0.0,0.0,0.0,0.0
0.0,0.0,0.0,0.0
0.0,0.0,0.0,0.0
0.0,0.0,0.0,0.0
0.0,0.0,0.0,0.0
0.0,0.0,0.0,0.0
0.0,0.0,0.0,0.0
0.0,0.0,0.0,0.0
0.0,0.0,0.0,0.0
0.0,0.0,0.0,0.0
0.0,0.0,0.0,0.0
0.0,0.0,0.0,0.0
0.0,0.0,0.0,0.0
0.0,0.0,0.0,0.0
0.0,0.0,0.0,0.0
0.0,0.0,0.0,0.0
0.0,0.0,0.0,0.0
0.0,0.0,0.0,0.0
0.0,0.0,0.0,0.0
0.0,0.0,0.0,0.0
0.0,0.0,0.0,0.0
0.0,0.0,0.0,0.0
0.0,0.0,0.0,0.0
0.0,0.0,0.0,0.0
0.0,0.0,0.0,0.0
0.0,0.0,0.0,0.0
0.0,0.0,0.0,0.0
0.0,0.0,0.0,0.0
0.0,0.0,0.0,0.0
0.0,0.0,0.0,0.0
0.0,0.0,0.0,0.0
0.0,0.0,0.0,0.0
0.0,0.0,0.0,0.0
0.0,0.0,0.0,0.0
0.0,0.0,0.0,0.0
0.0,0.0,0.0,0.0
0.0,0.0,0.0,0.0
0.0,0.0,0.0,0.0
0.0,0.0,0.0,0.0
0.0,0.0,0.0,0.0
0.0,0.0,0.0,0.0
0.0,0.0,0.0,0.0
0.0,0.0,0.0,0.0
0.0,0.0,0.0,0.0
0.0,0.0,0.0,0.0
0.0,0.0,0.0,0.0
0.0,0.0,0.0,0.0
0.0,0.0,0.0,0.0
0.0,0.0,0.0,0.0
0.0,0.0,0.0,0.0
0.0,0.0,0.0,0.0
0.0,0.0,0.0,0.0
0.0,0.0,0.0,0.0
0.0,0.0,0.0,0.0
0.0,0.0,0.0,0.0
0.0,0.0,0.0,0.0
0.0,0.0,0.0,0.0
0.0,0.0,0.0,0.0
0.0,0.0,0.0,0.0
0.0,0.0,0.0,0.0
0.0,0.0,0.0,0.0
0.0,0.0,0.0,0.0
0.0,0.0,0.0,0.0
0.0,0.0,0.0,0.0
0.0,0.0,0.0,0.0
0.0,0.0,0.0,0.0
0.0,0.0,0.0,0.0
0.0,0.0,0.0,0.0
0.0,0.0,0.0,0.0
0.0,0.0,0.0,0.0
0.0,0.0,0.0,0.0
0.0,0.0,0.0,0.0
0.0,0.0,0.0,0.0
0.0,0.0,0.0,0.0
0.0,0.0,0.0,0.0
0.0,0.0,0.0,0.0
0.0,0.0,0.0,0.0
0.0,0.0,0.0,0.0
0.0,0.0,0.0,0.0
0.0,0.0,0.0,0.0
0.0,0.0,0.0,0.0
0.0,0.0,0.0,0.0
0.0,0.0,0.0,0.0
0.0,0.0,0.0,0.0
0.0,0.0,0.0,0.0
0.0,0.0,0.0,0.0
0.0,0.0,0.0,0.0
0.0,0.0,0.0,0.0
0.0,0.0,0.0,0.0
0.0,0.0,0.0,0.0
0.0,0.0,0.0,0.0
0.0,0.0,0.0,0.0
0.0,0.0,0.0,0.0
0.0,0.0,0.0,0.0
0.0,0.0,0.0,0.0
0.0,0.0,0.0,0.0
0.0,0.0,0.0,0.0
0.0,0.0,0.0,0.0
0.0,0.0,0.0,0.0
0.0,0.0,0.0,0.0
0.0,0.0,0.0,0.0
0.0,0.0,0.0,0.0
0.0,0.0,0.0,0.0
0.0,0.0,0.0,0.0
0.0,0.0,0.0,0.0
0.0,0.0,0.0,0.0
0.0,0.0,0.0,0.0
0.0,0.0,0.0,0.0
0.0,0.0,0.0,0.0
0.0,0.0,0.0,0.0
0.0,0.0,0.0,0.0
0.0,0.0,0.0,0.0
0.0,0.0,0.0,0.0
0.0,0.0,0.0,0.0
0.0,0.0,0.0,0.0
0.0,0.0,0.0,0.0
0.0,0.0,0.0,0.0
0.0,0.0,0.0,0.0
0.0,0.0,0.0,0.0
0.0,0.0,0.0,0.0
0.0,0.0,0.0,0.0
0.0,0.0,0.0,0.0
0.0,0.0,0.0,0.0
0.0,0.0,0.0,0.0
0.0,0.0,0.0,0.0
0.0,0.0,0.0,0.0
0.0,0.0,0.0,0.0
0.0,0.0,0.0,0.0
0.0,0.0,0.0,0.0
0.0,0.0,0.0,0.0
0.0,0.0,0.0,0.0
0.0,0.0,0.0,0.0
0.0,0.0,0.0,0.0
0.0,0.0,0.0,0.0
0.0,0.0,0.0,0.0
0.0,0.0,0.0,0.0
0.0,0.0,0.0,0.0
0.0,0.0,0.0,0.0
0.0,0.0,0.0,0.0
0.0,0.0,0.0,0.0
0.0,0.0,0.0,0.0
0.0,0.0,0.0,0.0
0.0,0.0,0.0,0.0
0.0,0.0,0.0,0.0
0.0,0.0,0.0,0.0
0.0,0.0,0.0,0.0
0.0,0.0,0.0,0.0
0.0,0.0,0.0,0.0
0.0,0.0,0.0,0.0
0.0,0.0,0.0,0.0
0.0,0.0,0.0,0.0
0.0,0.0,0.0,0.0
0.0,0.0,0.0,0.0
0.0,0.0,0.0,0.0
0.0,0.0,0.0,0.0
0.0,0.0,0.0,0.0
0.0,0.0,0.0,0.0
0.0,0.0,0.0,0.0
0.0,0.0,0.0,0.0
0.0,0.0,0.0,0.0
0.0,0.0,0.0,0.0
0.0,0.0,0.0,0.0
0.0,0.0,0.0,0.0
0.0,0.0,0.0,0.0
0.0,0.0,0.0,0.0
0.0,0.0,0.0,0.0
0.0,0.0,0.0,0.0
0.0,0.0,0.0,0.0
0.0,0.0,0.0,0.0
0.0,0.0,0.0,0.0
0.0,0.0,0.0,0.0
0.0,0.0,0.0,0.0
0.0,0.0,0.0,0.0
0.0,0.0,0.0,0.0
0.0,0.0,0.0,0.0
0.0,0.0,0.0,0.0
0.0,0.0,0.0,0.0
0.0,0.0,0.0,0.0
0.0,0.0,0.0,0.0
0.0,0.0,0.0,0.0
0.0,0.0,0.0,0.0
0.0,0.0,0.0,0.0
0.0,0.0,0.0,0.0
0.0,0.0,0.0,0.0
0.0,0.0,0.0,0.0
0.0,0.0,0.0,0.0
0.0,0.0,0.0,0.0
0.0,0.0,0.0,0.0
0.0,0.0,0.0,0.0
0.0,0.0,0.0,0.0
0.0,0.0,0.0,0.0
0.0,0.0,0.0,0.0
0.0,0.0,0.0,0.0
0.0,0.0,0.0,0.0
0.0,0.0,0.0,0.0
0.0,0.0,0.0,0.0
0.0,0.0,0.0,0.0
0.0,0.0,0.0,0.0
0.0,0.0,0.0,0.0
0.0,0.0,0.0,0.0
0.0,0.0,0.0,0.0
0.0,0.0,0.0,0.0
0.0,0.0,0.0,0.0
0.0,0.0,0.0,0.0
0.0,0.0,0.0,0.0
0.0,0.0,0.0,0.0
0.0,0.0,0.0,0.0
0.0,0.0,0.0,0.0
0.0,0.0,0.0,0.0
0.0,0.0,0.0,0.0
0.0,0.0,0.0,0.0
0.0,0.0,0.0,0.0
0.0,0.0,0.0,0.0
0.0,0.0,0.0,0.0
0.0,0.0,0.0,0.0
0.0,0.0,0.0,0.0
0.0,0.0,0.0,0.0
0.0,0.0,0.0,0.0
0.0,0.0,0.0,0.0
0.0,0.0,0.0,0.0
0.0,0.0,0.0,0.0
0.0,0.0,0.0,0.0
0.0,0.0,0.0,0.0
0.0,0.0,0.0,0.0
0.0,0.0,0.0,0.0
0.0,0.0,0.0,0.0
0.0,0.0,0.0,0.0
0.0,0.0,0.0,0.0
0.0,0.0,0.0,0.0
0.0,0.0,0.0,0.0
0.0,0.0,0.0,0.0
0.0,0.0,0.0,0.0
0.0,0.0,0.0,0.0
0.0,0.0,0.0,0.0
0.0,0.0,0.0,0.0
0.0,0.0,0.0,0.0
0.0,0.0,0.0,0.0
0.0,0.0,0.0,0.0
0.0,0.0,0.0,0.0
0.0,0.0,0.0,0.0
0.0,0.0,0.0,0.0
0.0,0.0,0.0,0.0
0.0,0.0,0.0,0.0
0.0,0.0,0.0,0.0
0.0,0.0,0.0,0.0
0.0,0.0,0.0,0.0
0.0,0.0,0.0,0.0
0.0,0.0,0.0,0.0
0.0,0.0,0.0,0.0
0.0,0.0,0.0,0.0
0.0,0.0,0.0,0.0
0.0,0.0,0.0,0.0
0.0,0.0,0.0,0.0
0.0,0.0,0.0,0.0
0.0,0.0,0.0,0.0
0.0,0.0,0.0,0.0
0.0,0.0,0.0,0.0
0.0,0.0,0.0,0.0
0.0,0.0,0.0,0.0
0.0,0.0,0.0,0.0
0.0,0.0,0.0,0.0
0.0,0.0,0.0,0.0
0.0,0.0,0.0,0.0
0.0,0.0,0.0,0.0
0.0,0.0,0.0,0.0
0.0,0.0,0.0,0.0
0.0,0.0,0.0,0.0
0.0,0.0,0.0,0.0
0.0,0.0,0.0,0.0
0.0,0.0,0.0,0.0
0.0,0.0,0.0,0.0
0.0,0.0,0.0,0.0
0.0,0.0,0.0,0.0
0.0,0.0,0.0,0.0
0.0,0.0,0.0,0.0
0.0,0.0,0.0,0.0
0.0,0.0,0.0,0.0
0.0,0.0,0.0,0.0
0.0,0.0,0.0,0.0
0.0,0.0,0.0,0.0
0.0,0.0,0.0,0.0
0.0,0.0,0.0,0.0
0.0,0.0,0.0,0.0
0.0,0.0,0.0,0.0
0.0,0.0,0.0,0.0
0.0,0.0,0.0,0.0
0.0,0.0,0.0,0.0
0.0,0.0,0.0,0.0
0.0,0.0,0.0,0.0
0.0,0.0,0.0,0.0
0.0,0.0,0.0,0.0
0.0,0.0,0.0,0.0
0.0,0.0,0.0,0.0
0.0,0.0,0.0,0.0
0.0,0.0,0.0,0.0
0.0,0.0,0.0,0.0
0.0,0.0,0.0,0.0
0.0,0.0,0.0,0.0
0.0,0.0,0.0,0.0
0.0,0.0,0.0,0.0
0.0,0.0,0.0,0.0
0.0,0.0,0.0,0.0
0.0,0.0,0.0,0.0
0.0,0.0,0.0,0.0
0.0,0.0,0.0,0.0
0.0,0.0,0.0,0.0
0.0,0.0,0.0,0.0
0.0,0.0,0.0,0.0
0.0,0.0,0.0,0.0
0.0,0.0,0.0,0.0
0.0,0.0,0.0,0.0
0.0,0.0,0.0,0.0
0.0,0.0,0.0,0.0
0.0,0.0,0.0,0.0
0.0,0.0,0.0,0.0
0.0,0.0,0.0,0.0
0.0,0.0,0.0,0.0
0.0,0.0,0.0,0.0
0.0,0.0,0.0,0.0
0.0,0.0,0.0,0.0
0.0,0.0,0.0,0.0
0.0,0.0,0.0,0.0
0.0,0.0,0.0,0.0
0.0,0.0,0.0,0.0
0.0,0.0,0.0,0.0
0.0,0.0,0.0,0.0
0.0,0.0,0.0,0.0
0.0,0.0,0.0,0.0
0.0,0.0,0.0,0.0
0.0,0.0,0.0,0.0
0.0,0.0,0.0,0.0
0.0,0.0,0.0,0.0
0.0,0.0,0.0,0.0
0.0,0.0,0.0,0.0
0.0,0.0,0.0,0.0
0.0,0.0,0.0,0.0
0.0,0.0,0.0,0.0
0.0,0.0,0.0,0.0
0.0,0.0,0.0,0.0
0.0,0.0,0.0,0.0
0.0,0.0,0.0,0.0
0.0,0.0,0.0,0.0
0.0,0.0,0.0,0.0
0.0,0.0,0.0,0.0
0.0,0.0,0.0,0.0
0.0,0.0,0.0,0.0
0.0,0.0,0.0,0.0
0.0,0.0,0.0,0.0
0.0,0.0,0.0,0.0
0.0,0.0,0.0,0.0
0.0,0.0,0.0,0.0
0.0,0.0,0.0,0.0
0.0,0.0,0.0,0.0
0.0,0.0,0.0,0.0
0.0,0.0,0.0,0.0
0.0,0.0,0.0,0.0
0.0,0.0,0.0,0.0
0.0,0.0,0.0,0.0
0.0,0.0,0.0,0.0
0.0,0.0,0.0,0.0
0.0,0.0,0.0,0.0
0.0,0.0,0.0,0.0
0.0,0.0,0.0,0.0
0.0,0.0,0.0,0.0
0.0,0.0,0.0,0.0
0.0,0.0,0.0,0.0
0.0,0.0,0.0,0.0
0.0,0.0,0.0,0.0
0.0,0.0,0.0,0.0
0.0,0.0,0.0,0.0
0.0,0.0,0.0,0.0
0.0,0.0,0.0,0.0
0.0,0.0,0.0,0.0
0.0,0.0,0.0,0.0
0.0,0.0,0.0,0.0
0.0,0.0,0.0,0.0
0.0,0.0,0.0,0.0
0.0,0.0,0.0,0.0
0.0,0.0,0.0,0.0
0.0,0.0,0.0,0.0
0.0,0.0,0.0,0.0
0.0,0.0,0.0,0.0
0.0,0.0,0.0,0.0
0.0,0.0,0.0,0.0
0.0,0.0,0.0,0.0
0.0,0.0,0.0,0.0
0.0,0.0,0.0,0.0
0.0,0.0,0.0,0.0
0.0,0.0,0.0,0.0
0.0,0.0,0.0,0.0
0.0,0.0,0.0,0.0
0.0,0.0,0.0,0.0
0.0,0.0,0.0,0.0
0.0,0.0,0.0,0.0
0.0,0.0,0.0,0.0
0.0,0.0,0.0,0.0
0.0,0.0,0.0,0.0
0.0,0.0,0.0,0.0
0.0,0.0,0.0,0.0
0.0,0.0,0.0,0.0
0.0,0.0,0.0,0.0
0.0,0.0,0.0,0.0
0.0,0.0,0.0,0.0
0.0,0.0,0.0,0.0
0.0,0.0,0.0,0.0
0.0,0.0,0.0,0.0
0.0,0.0,0.0,0.0
0.0,0.0,0.0,0.0
0.0,0.0,0.0,0.0
0.0,0.0,0.0,0.0
0.0,0.0,0.0,0.0
0.0,0.0,0.0,0.0
0.0,0.0,0.0,0.0
0.0,0.0,0.0,0.0
0.0,0.0,0.0,0.0
0.0,0.0,0.0,0.0
0.0,0.0,0.0,0.0
0.0,0.0,0.0,0.0
0.0,0.0,0.0,0.0
0.0,0.0,0.0,0.0
0.0,0.0,0.0,0.0
0.0,0.0,0.0,0.0
0.0,0.0,0.0,0.0
0.0,0.0,0.0,0.0
0.0,0.0,0.0,0.0
0.0,0.0,0.0,0.0
0.0,0.0,0.0,0.0
0.0,0.0,0.0,0.0
0.0,0.0,0.0,0.0
0.0,0.0,0.0,0.0
0.0,0.0,0.0,0.0
0.0,0.0,0.0,0.0
0.0,0.0,0.0,0.0
0.0,0.0,0.0,0.0
0.0,0.0,0.0,0.0
0.0,0.0,0.0,0.0
0.0,0.0,0.0,0.0
0.0,0.0,0.0,0.0
0.0,0.0,0.0,0.0
0.0,0.0,0.0,0.0
0.0,0.0,0.0,0.0
0.0,0.0,0.0,0.0
0.0,0.0,0.0,0.0
0.0,0.0,0.0,0.0
0.0,0.0,0.0,0.0
0.0,0.0,0.0,0.0
0.0,0.0,0.0,0.0
0.0,0.0,0.0,0.0
0.0,0.0,0.0,0.0
0.0,0.0,0.0,0.0
0.0,0.0,0.0,0.0
0.0,0.0,0.0,0.0
0.0,0.0,0.0,0.0
0.0,0.0,0.0,0.0
0.0,0.0,0.0,0.0
0.0,0.0,0.0,0.0
0.0,0.0,0.0,0.0
0.0,0.0,0.0,0.0
0.0,0.0,0.0,0.0
0.0,0.0,0.0,0.0
0.0,0.0,0.0,0.0
0.0,0.0,0.0,0.0
0.0,0.0,0.0,0.0
0.0,0.0,0.0,0.0
0.0,0.0,0.0,0.0
0.0,0.0,0.0,0.0
0.0,0.0,0.0,0.0
0.0,0.0,0.0,0.0
0.0,0.0,0.0,0.0
0.0,0.0,0.0,0.0
0.0,0.0,0.0,0.0
0.0,0.0,0.0,0.0
0.0,0.0,0.0,0.0
0.0,0.0,0.0,0.0
0.0,0.0,0.0,0.0
0.0,0.0,0.0,0.0
0.0,0.0,0.0,0.0
0.0,0.0,0.0,0.0
0.0,0.0,0.0,0.0
0.0,0.0,0.0,0.0
0.0,0.0,0.0,0.0
0.0,0.0,0.0,0.0
0.0,0.0,0.0,0.0
0.0,0.0,0.0,0.0
0.0,0.0,0.0,0.0
0.0,0.0,0.0,0.0
0.0,0.0,0.0,0.0
0.0,0.0,0.0,0.0
0.0,0.0,0.0,0.0
0.0,0.0,0.0,0.0
0.0,0.0,0.0,0.0
0.0,0.0,0.0,0.0
0.0,0.0,0.0,0.0
0.0,0.0,0.0,0.0
0.0,0.0,0.0,0.0
0.0,0.0,0.0,0.0
0.0,0.0,0.0,0.0
0.0,0.0,0.0,0.0
0.0,0.0,0.0,0.0
0.0,0.0,0.0,0.0
0.0,0.0,0.0,0.0
0.0,0.0,0.0,0.0
0.0,0.0,0.0,0.0
0.0,0.0,0.0,0.0
0.0,0.0,0.0,0.0
0.0,0.0,0.0,0.0
0.0,0.0,0.0,0.0
0.0,0.0,0.0,0.0
0.0,0.0,0.0,0.0
0.0,0.0,0.0,0.0
0.0,0.0,0.0,0.0
0.0,0.0,0.0,0.0
0.0,0.0,0.0,0.0
0.0,0.0,0.0,0.0
0.0,0.0,0.0,0.0
0.0,0.0,0.0,0.0
0.0,0.0,0.0,0.0
0.0,0.0,0.0,0.0
0.0,0.0,0.0,0.0
0.0,0.0,0.0,0.0
0.0,0.0,0.0,0.0
0.0,0.0,0.0,0.0
0.0,0.0,0.0,0.0
0.0,0.0,0.0,0.0
0.0,0.0,0.0,0.0
0.0,0.0,0.0,0.0
0.0,0.0,0.0,0.0
0.0,0.0,0.0,0.0
0.0,0.0,0.0,0.0
0.0,0.0,0.0,0.0
0.0,0.0,0.0,0.0
0.0,0.0,0.0,0.0
0.0,0.0,0.0,0.0
0.0,0.0,0.0,0.0
0.0,0.0,0.0,0.0
0.0,0.0,0.0,0.0
0.0,0.0,0.0,0.0
0.0,0.0,0.0,0.0
0.0,0.0,0.0,0.0
0.0,0.0,0.0,0.0
0.0,0.0,0.0,0.0
0.0,0.0,0.0,0.0
0.0,0.0,0.0,0.0
0.0,0.0,0.0,0.0
0.0,0.0,0.0,0.0
0.0,0.0,0.0,0.0
0.0,0.0,0.0,0.0
0.0,0.0,0.0,0.0
0.0,0.0,0.0,0.0
0.0,0.0,0.0,0.0
0.0,0.0,0.0,0.0
0.0,0.0,0.0,0.0
0.0,0.0,0.0,0.0
0.0,0.0,0.0,0.0
0.0,0.0,0.0,0.0
0.0,0.0,0.0,0.0
0.0,0.0,0.0,0.0
0.0,0.0,0.0,0.0
0.0,0.0,0.0,0.0
0.0,0.0,0.0,0.0
0.0,0.0,0.0,0.0
0.0,0.0,0.0,0.0
0.0,0.0,0.0,0.0
0.0,0.0,0.0,0.0
0.0,0.0,0.0,0.0
0.0,0.0,0.0,0.0
0.0,0.0,0.0,0.0
0.0,0.0,0.0,0.0
0.0,0.0,0.0,0.0
0.0,0.0,0.0,0.0
0.0,0.0,0.0,0.0
0.0,0.0,0.0,0.0
0.0,0.0,0.0,0.0
0.0,0.0,0.0,0.0
0.0,0.0,0.0,0.0
0.0,0.0,0.0,0.0
0.0,0.0,0.0,0.0
0.0,0.0,0.0,0.0
0.0,0.0,0.0,0.0
0.0,0.0,0.0,0.0
0.0,0.0,0.0,0.0
0.0,0.0,0.0,0.0
0.0,0.0,0.0,0.0
0.0,0.0,0.0,0.0
0.0,0.0,0.0,0.0
0.0,0.0,0.0,0.0
0.0,0.0,0.0,0.0
0.0,0.0,0.0,0.0
0.0,0.0,0.0,0.0
0.0,0.0,0.0,0.0
0.0,0.0,0.0,0.0
0.0,0.0,0.0,0.0
0.0,0.0,0.0,0.0
0.0,0.0,0.0,0.0
0.0,0.0,0.0,0.0
0.0,0.0,0.0,0.0
0.0,0.0,0.0,0.0
0.0,0.0,0.0,0.0
0.0,0.0,0.0,0.0
0.0,0.0,0.0,0.0
0.0,0.0,0.0,0.0
0.0,0.0,0.0,0.0
0.0,0.0,0.0,0.0
0.0,0.0,0.0,0.0
0.0,0.0,0.0,0.0
0.0,0.0,0.0,0.0
0.0,0.0,0.0,0.0
0.0,0.0,0.0,0.0
0.0,0.0,0.0,0.0
0.0,0.0,0.0,0.0
0.0,0.0,0.0,0.0
0.0,0.0,0.0,0.0
0.0,0.0,0.0,0.0
0.0,0.0,0.0,0.0
0.0,0.0,0.0,0.0
0.0,0.0,0.0,0.0
0.0,0.0,0.0,0.0
0.0,0.0,0.0,0.0
0.0,0.0,0.0,0.0
0.0,0.0,0.0,0.0
0.0,0.0,0.0,0.0
0.0,0.0,0.0,0.0
0.0,0.0,0.0,0.0
0.0,0.0,0.0,0.0
0.0,0.0,0.0,0.0
0.0,0.0,0.0,0.0
0.0,0.0,0.0,0.0
0.0,0.0,0.0,0.0
0.0,0.0,0.0,0.0
0.0,0.0,0.0,0.0
0.0,0.0,0.0,0.0
0.0,0.0,0.0,0.0
0.0,0.0,0.0,0.0
0.0,0.0,0.0,0.0
0.0,0.0,0.0,0.0
0.0,0.0,0.0,0.0
0.0,0.0,0.0,0.0
0.0,0.0,0.0,0.0
0.0,0.0,0.0,0.0
0.0,0.0,0.0,0.0
0.0,0.0,0.0,0.0
0.0,0.0,0.0,0.0
0.0,0.0,0.0,0.0
0.0,0.0,0.0,0.0
0.0,0.0,0.0,0.0
0.0,0.0,0.0,0.0
0.0,0.0,0.0,0.0
0.0,0.0,0.0,0.0
0.0,0.0,0.0,0.0
0.0,0.0,0.0,0.0
0.0,0.0,0.0,0.0
0.0,0.0,0.0,0.0
0.0,0.0,0.0,0.0
0.0,0.0,0.0,0.0
0.0,0.0,0.0,0.0
0.0,0.0,0.0,0.0
0.0,0.0,0.0,0.0
0.0,0.0,0.0,0.0
0.0,0.0,0.0,0.0
0.0,0.0,0.0,0.0
0.0,0.0,0.0,0.0
0.0,0.0,0.0,0.0
0.0,0.0,0.0,0.0
0.0,0.0,0.0,0.0
0.0,0.0,0.0,0.0
0.0,0.0,0.0,0.0
0.0,0.0,0.0,0.0
0.0,0.0,0.0,0.0
0.0,0.0,0.0,0.0
0.0,0.0,0.0,0.0
0.0,0.0,0.0,0.0
0.0,0.0,0.0,0.0
0.0,0.0,0.0,0.0
0.0,0.0,0.0,0.0
0.0,0.0,0.0,0.0
0.0,0.0,0.0,0.0
0.0,0.0,0.0,0.0
0.0,0.0,0.0,0.0
0.0,0.0,0.0,0.0
0.0,0.0,0.0,0.0
0.0,0.0,0.0,0.0
0.0,0.0,0.0,0.0
0.0,0.0,0.0,0.0
0.0,0.0,0.0,0.0
0.0,0.0,0.0,0.0
0.0,0.0,0.0,0.0
0.0,0.0,0.0,0.0
0.0,0.0,0.0,0.0
0.0,0.0,0.0,0.0
0.0,0.0,0.0,0.0
0.0,0.0,0.0,0.0
0.0,0.0,0.0,0.0
0.0,0.0,0.0,0.0
0.0,0.0,0.0,0.0
0.0,0.0,0.0,0.0
0.0,0.0,0.0,0.0
0.0,0.0,0.0,0.0
0.0,0.0,0.0,0.0
0.0,0.0,0.0,0.0
0.0,0.0,0.0,0.0
0.0,0.0,0.0,0.0
0.0,0.0,0.0,0.0
0.0,0.0,0.0,0.0
0.0,0.0,0.0,0.0
0.0,0.0,0.0,0.0
0.0,0.0,0.0,0.0
0.0,0.0,0.0,0.0
0.0,0.0,0.0,0.0
0.0,0.0,0.0,0.0
0.0,0.0,0.0,0.0
0.0,0.0,0.0,0.0
0.0,0.0,0.0,0.0
0.0,0.0,0.0,0.0
0.0,0.0,0.0,0.0
0.0,0.0,0.0,0.0
0.0,0.0,0.0,0.0
0.0,0.0,0.0,0.0
0.0,0.0,0.0,0.0
0.0,0.0,0.0,0.0
0.0,0.0,0.0,0.0
0.0,0.0,0.0,0.0
0.0,0.0,0.0,0.0
0.0,0.0,0.0,0.0
0.0,0.0,0.0,0.0
0.0,0.0,0.0,0.0
0.0,0.0,0.0,0.0
0.0,0.0,0.0,0.0
0.0,0.0,0.0,0.0
0.0,0.0,0.0,0.0
0.0,0.0,0.0,0.0
0.0,0.0,0.0,0.0
0.0,0.0,0.0,0.0
0.0,0.0,0.0,0.0
0.0,0.0,0.0,0.0
0.0,0.0,0.0,0.0
0.0,0.0,0.0,0.0
0.0,0.0,0.0,0.0
0.0,0.0,0.0,0.0
0.0,0.0,0.0,0.0
0.0,0.0,0.0,0.0
0.0,0.0,0.0,0.0
0.0,0.0,0.0,0.0
0.0,0.0,0.0,0.0
0.0,0.0,0.0,0.0
0.0,0.0,0.0,0.0
0.0,0.0,0.0,0.0
0.0,0.0,0.0,0.0
0.0,0.0,0.0,0.0
0.0,0.0,0.0,0.0
0.0,0.0,0.0,0.0
0.0,0.0,0.0,0.0
0.0,0.0,0.0,0.0
0.0,0.0,0.0,0.0
0.0,0.0,0.0,0.0
0.0,0.0,0.0,0.0
0.0,0.0,0.0,0.0
0.0,0.0,0.0,0.0
0.0,0.0,0.0,0.0
0.0,0.0,0.0,0.0
0.0,0.0,0.0,0.0
0.0,0.0,0.0,0.0
0.0,0.0,0.0,0.0
0.0,0.0,0.0,0.0
0.0,0.0,0.0,0.0
0.0,0.0,0.0,0.0
0.0,0.0,0.0,0.0
0.0,0.0,0.0,0.0
0.0,0.0,0.0,0.0
0.0,0.0,0.0,0.0
0.0,0.0,0.0,0.0
0.0,0.0,0.0,0.0
0.0,0.0,0.0,0.0
0.0,0.0,0.0,0.0
0.0,0.0,0.0,0.0
0.0,0.0,0.0,0.0
0.0,0.0,0.0,0.0
0.0,0.0,0.0,0.0
0.0,0.0,0.0,0.0
0.0,0.0,0.0,0.0
0.0,0.0,0.0,0.0
0.0,0.0,0.0,0.0
0.0,0.0,0.0,0.0
0.0,0.0,0.0,0.0
0.0,0.0,0.0,0.0
0.0,0.0,0.0,0.0
0.0,0.0,0.0,0.0
0.0,0.0,0.0,0.0
0.0,0.0,0.0,0.0
0.0,0.0,0.0,0.0
0.0,0.0,0.0,0.0
0.0,0.0,0.0,0.0
0.0,0.0,0.0,0.0
0.0,0.0,0.0,0.0
0.0,0.0,0.0,0.0
0.0,0.0,0.0,0.0
0.0,0.0,0.0,0.0
0.0,0.0,0.0,0.0
0.0,0.0,0.0,0.0
0.0,0.0,0.0,0.0
0.0,0.0,0.0,0.0
0.0,0.0,0.0,0.0
0.0,0.0,0.0,0.0
0.0,0.0,0.0,0.0
0.0,0.0,0.0,0.0
0.0,0.0,0.0,0.0
0.0,0.0,0.0,0.0
0.0,0.0,0.0,0.0
0.0,0.0,0.0,0.0
0.0,0.0,0.0,0.0
0.0,0.0,0.0,0.0
0.0,0.0,0.0,0.0
0.0,0.0,0.0,0.0
0.0,0.0,0.0,0.0
0.0,0.0,0.0,0.0
0.0,0.0,0.0,0.0
0.0,0.0,0.0,0.0
0.0,0.0,0.0,0.0
0.0,0.0,0.0,0.0
0.0,0.0,0.0,0.0
0.0,0.0,0.0,0.0
0.0,0.0,0.0,0.0
0.0,0.0,0.0,0.0
0.0,0.0,0.0,0.0
0.0,0.0,0.0,0.0
0.0,0.0,0.0,0.0
0.0,0.0,0.0,0.0
0.0,0.0,0.0,0.0
0.0,0.0,0.0,0.0
0.0,0.0,0.0,0.0
0.0,0.0,0.0,0.0
0.0,0.0,0.0,0.0
0.0,0.0,0.0,0.0
0.0,0.0,0.0,0.0
0.0,0.0,0.0,0.0
0.0,0.0,0.0,0.0
0.0,0.0,0.0,0.0
0.0,0.0,0.0,0.0
0.0,0.0,0.0,0.0
0.0,0.0,0.0,0.0
0.0,0.0,0.0,0.0
0.0,0.0,0.0,0.0
0.0,0.0,0.0,0.0
0.0,0.0,0.0,0.0
0.0,0.0,0.0,0.0
0.0,0.0,0.0,0.0
0.0,0.0,0.0,0.0
0.0,0.0,0.0,0.0
0.0,0.0,0.0,0.0
0.0,0.0,0.0,0.0
0.0,0.0,0.0,0.0
0.0,0.0,0.0,0.0
0.0,0.0,0.0,0.0
0.0,0.0,0.0,0.0
0.0,0.0,0.0,0.0
0.0,0.0,0.0,0.0
0.0,0.0,0.0,0.0
0.0,0.0,0.0,0.0
0.0,0.0,0.0,0.0
0.0,0.0,0.0,0.0
0.0,0.0,0.0,0.0
0.0,0.0,0.0,0.0
0.0,0.0,0.0,0.0
0.0,0.0,0.0,0.0
0.0,0.0,0.0,0.0
0.0,0.0,0.0,0.0
0.0,0.0,0.0,0.0
0.0,0.0,0.0,0.0
0.0,0.0,0.0,0.0
0.0,0.0,0.0,0.0
0.0,0.0,0.0,0.0
0.0,0.0,0.0,0.0
0.0,0.0,0.0,0.0
0.0,0.0,0.0,0.0
0.0,0.0,0.0,0.0
0.0,0.0,0.0,0.0
0.0,0.0,0.0,0.0
0.0,0.0,0.0,0.0
0.0,0.0,0.0,0.0
0.0,0.0,0.0,0.0
0.0,0.0,0.0,0.0
0.0,0.0,0.0,0.0
0.0,0.0,0.0,0.0
0.0,0.0,0.0,0.0
0.0,0.0,0.0,0.0
0.0,0.0,0.0,0.0
0.0,0.0,0.0,0.0
0.0,0.0,0.0,0.0
0.0,0.0,0.0,0.0
0.0,0.0,0.0,0.0
0.0,0.0,0.0,0.0
0.0,0.0,0.0,0.0
0.0,0.0,0.0,0.0
0.0,0.0,0.0,0.0
0.0,0.0,0.0,0.0
0.0,0.0,0.0,0.0
0.0,0.0,0.0,0.0
0.0,0.0,0.0,0.0
0.0,0.0,0.0,0.0
0.0,0.0,0.0,0.0
0.0,0.0,0.0,0.0
0.0,0.0,0.0,0.0
0.0,0.0,0.0,0.0
0.0,0.0,0.0,0.0
0.0,0.0,0.0,0.0
0.0,0.0,0.0,0.0
0.0,0.0,0.0,0.0
0.0,0.0,0.0,0.0
0.0,0.0,0.0,0.0
0.0,0.0,0.0,0.0
0.0,0.0,0.0,0.0
0.0,0.0,0.0,0.0
0.0,0.0,0.0,0.0
0.0,0.0,0.0,0.0
0.0,0.0,0.0,0.0
0.0,0.0,0.0,0.0
0.0,0.0,0.0,0.0
0.0,0.0,0.0,0.0
0.0,0.0,0.0,0.0
0.0,0.0,0.0,0.0
0.0,0.0,0.0,0.0
0.0,0.0,0.0,0.0
0.0,0.0,0.0,0.0
0.0,0.0,0.0,0.0
0.0,0.0,0.0,0.0
0.0,0.0,0.0,0.0
0.0,0.0,0.0,0.0
0.0,0.0,0.0,0.0
0.0,0.0,0.0,0.0
0.0,0.0,0.0,0.0
0.0,0.0,0.0,0.0
0.0,0.0,0.0,0.0
0.0,0.0,0.0,0.0
0.0,0.0,0.0,0.0
0.0,0.0,0.0,0.0
0.0,0.0,0.0,0.0
0.0,0.0,0.0,0.0
0.0,0.0,0.0,0.0
0.0,0.0,0.0,0.0
0.0,0.0,0.0,0.0
0.0,0.0,0.0,0.0
0.0,0.0,0.0,0.0
0.0,0.0,0.0,0.0
0.0,0.0,0.0,0.0
0.0,0.0,0.0,0.0
0.0,0.0,0.0,0.0
0.0,0.0,0.0,0.0
0.0,0.0,0.0,0.0
0.0,0.0,0.0,0.0
0.0,0.0,0.0,0.0
0.0,0.0,0.0,0.0
0.0,0.0,0.0,0.0
0.0,0.0,0.0,0.0
0.0,0.0,0.0,0.0
0.0,0.0,0.0,0.0
0.0,0.0,0.0,0.0
0.0,0.0,0.0,0.0
0.0,0.0,0.0,0.0
0.0,0.0,0.0,0.0
0.0,0.0,0.0,0.0
0.0,0.0,0.0,0.0
0.0,0.0,0.0,0.0
0.0,0.0,0.0,0.0
0.0,0.0,0.0,0.0
0.0,0.0,0.0,0.0
0.0,0.0,0.0,0.0
0.0,0.0,0.0,0.0
0.0,0.0,0.0,0.0
0.0,0.0,0.0,0.0
0.0,0.0,0.0,0.0
0.0,0.0,0.0,0.0
0.0,0.0,0.0,0.0
0.0,0.0,0.0,0.0
0.0,0.0,0.0,0.0
0.0,0.0,0.0,0.0
0.0,0.0,0.0,0.0
0.0,0.0,0.0,0.0
0.0,0.0,0.0,0.0
0.0,0.0,0.0,0.0
0.0,0.0,0.0,0.0
0.0,0.0,0.0,0.0
0.0,0.0,0.0,0.0
0.0,0.0,0.0,0.0
0.0,0.0,0.0,0.0
0.0,0.0,0.0,0.0
0.0,0.0,0.0,0.0
0.0,0.0,0.0,0.0
0.0,0.0,0.0,0.0
0.0,0.0,0.0,0.0
0.0,0.0,0.0,0.0
0.0,0.0,0.0,0.0
0.0,0.0,0.0,0.0
0.0,0.0,0.0,0.0
0.0,0.0,0.0,0.0
0.0,0.0,0.0,0.0
0.0,0.0,0.0,0.0
0.0,0.0,0.0,0.0
0.0,0.0,0.0,0.0
0.0,0.0,0.0,0.0
0.0,0.0,0.0,0.0
0.0,0.0,0.0,0.0
0.0,0.0,0.0,0.0
0.0,0.0,0.0,0.0
0.0,0.0,0.0,0.0
0.0,0.0,0.0,0.0
0.0,0.0,0.0,0.0
0.0,0.0,0.0,0.0
0.0,0.0,0.0,0.0
0.0,0.0,0.0,0.0
0.0,0.0,0.0,0.0
0.0,0.0,0.0,0.0
0.0,0.0,0.0,0.0
0.0,0.0,0.0,0.0
0.0,0.0,0.0,0.0
0.0,0.0,0.0,0.0
0.0,0.0,0.0,0.0
0.0,0.0,0.0,0.0
0.0,0.0,0.0,0.0
0.0,0.0,0.0,0.0
0.0,0.0,0.0,0.0
0.0,0.0,0.0,0.0
0.0,0.0,0.0,0.0
0.0,0.0,0.0,0.0
0.0,0.0,0.0,0.0
0.0,0.0,0.0,0.0
0.0,0.0,0.0,0.0
0.0,0.0,0.0,0.0
0.0,0.0,0.0,0.0
0.0,0.0,0.0,0.0
0.0,0.0,0.0,0.0
0.0,0.0,0.0,0.0
0.0,0.0,0.0,0.0
0.0,0.0,0.0,0.0
0.0,0.0,0.0,0.0
0.0,0.0,0.0,0.0
0.0,0.0,0.0,0.0
0.0,0.0,0.0,0.0
0.0,0.0,0.0,0.0
0.0,0.0,0.0,0.0
0.0,0.0,0.0,0.0
0.0,0.0,0.0,0.0
0.0,0.0,0.0,0.0
0.0,0.0,0.0,0.0
0.0,0.0,0.0,0.0
0.0,0.0,0.0,0.0
0.0,0.0,0.0,0.0
0.0,0.0,0.0,0.0
0.0,0.0,0.0,0.0
0.0,0.0,0.0,0.0
0.0,0.0,0.0,0.0
0.0,0.0,0.0,0.0
0.0,0.0,0.0,0.0
0.0,0.0,0.0,0.0
0.0,0.0,0.0,0.0
0.0,0.0,0.0,0.0
0.0,0.0,0.0,0.0
0.0,0.0,0.0,0.0
0.0,0.0,0.0,0.0
0.0,0.0,0.0,0.0
0.0,0.0,0.0,0.0
0.0,0.0,0.0,0.0
0.0,0.0,0.0,0.0
0.0,0.0,0.0,0.0
0.0,0.0,0.0,0.0
0.0,0.0,0.0,0.0
0.0,0.0,0.0,0.0
0.0,0.0,0.0,0.0
0.0,0.0,0.0,0.0
0.0,0.0,0.0,0.0
0.0,0.0,0.0,0.0
0.0,0.0,0.0,0.0
0.0,0.0,0.0,0.0
0.0,0.0,0.0,0.0
0.0,0.0,0.0,0.0
0.0,0.0,0.0,0.0
0.0,0.0,0.0,0.0
0.0,0.0,0.0,0.0
0.0,0.0,0.0,0.0
0.0,0.0,0.0,0.0
0.0,0.0,0.0,0.0
0.0,0.0,0.0,0.0
0.0,0.0,0.0,0.0
0.0,0.0,0.0,0.0
0.0,0.0,0.0,0.0
0.0,0.0,0.0,0.0
0.0,0.0,0.0,0.0
0.0,0.0,0.0,0.0
0.0,0.0,0.0,0.0
0.0,0.0,0.0,0.0
0.0,0.0,0.0,0.0
0.0,0.0,0.0,0.0
0.0,0.0,0.0,0.0
0.0,0.0,0.0,0.0
0.0,0.0,0.0,0.0
0.0,0.0,0.0,0.0
0.0,0.0,0.0,0.0
0.0,0.0,0.0,0.0
0.0,0.0,0.0,0.0
0.0,0.0,0.0,0.0
0.0,0.0,0.0,0.0
0.0,0.0,0.0,0.0
0.0,0.0,0.0,0.0
